variable,mode_group,estimate,se,ci_lower,ci_upper,varname,topic,domain
ABANY,2016-2018 (all),0.4733958725666529,0.01236153861715864,0.45602702621401403,0.49076471891929174,ABANY,Legalized abortion,Social Attitudes & Morality
ABANY,2022-2024 (all),0.5729328581852329,0.014106922826602848,0.5531116221180904,0.5927540942523754,ABANY,Legalized abortion,Social Attitudes & Morality
ABANY,2022-2024 (f2fp),0.5277254820784694,0.01966872735451701,0.5000895126451534,0.5553614515117853,ABANY,Legalized abortion,Social Attitudes & Morality
ABANY,2022-2024 (web),0.6219129477431901,0.017306199746434183,0.5975964986624376,0.6462293968239425,ABANY,Legalized abortion,Social Attitudes & Morality
ABDEFECT,2016-2018 (all),0.7538769366624136,0.009813556050821376,0.7400881881499,0.7676656851749273,ABDEFECT,Legalized abortion,Social Attitudes & Morality
ABDEFECT,2022-2024 (all),0.8058027207266938,0.009245262513331975,0.7928124653016143,0.8187929761517733,ABDEFECT,Legalized abortion,Social Attitudes & Morality
ABDEFECT,2022-2024 (f2fp),0.7977527285512289,0.014167157498560446,0.7778468584595742,0.8176585986428836,ABDEFECT,Legalized abortion,Social Attitudes & Morality
ABDEFECT,2022-2024 (web),0.8153808194392227,0.011934735867388425,0.7986116614921479,0.8321499773862975,ABDEFECT,Legalized abortion,Social Attitudes & Morality
ABHLTH,2016-2018 (all),0.895669131409804,0.006570365838304492,0.8864372972295724,0.9049009655900355,ABHLTH,Legalized abortion,Social Attitudes & Morality
ABHLTH,2022-2024 (all),0.9199178082671801,0.00750739193196751,0.9093693853714745,0.9304662311628856,ABHLTH,Legalized abortion,Social Attitudes & Morality
ABHLTH,2022-2024 (f2fp),0.9180216963840645,0.010058473023361972,0.9038888219987969,0.9321545707693321,ABHLTH,Legalized abortion,Social Attitudes & Morality
ABHLTH,2022-2024 (web),0.9210642706128871,0.009820245662352354,0.9072661227174618,0.9348624185083124,ABHLTH,Legalized abortion,Social Attitudes & Morality
ABNOMORE,2016-2018 (all),0.48143489636577846,0.012536111261114447,0.46382076295590924,0.4990490297756477,ABNOMORE,Legalized abortion,Social Attitudes & Morality
ABNOMORE,2022-2024 (all),0.5730298267523453,0.014218913088961211,0.5530512363525315,0.593008417152159,ABNOMORE,Legalized abortion,Social Attitudes & Morality
ABNOMORE,2022-2024 (f2fp),0.5469889387071767,0.019678075269131477,0.5193398347848878,0.5746380426294656,ABNOMORE,Legalized abortion,Social Attitudes & Morality
ABNOMORE,2022-2024 (web),0.60297611505432,0.01664388532001874,0.5795902651381067,0.6263619649705333,ABNOMORE,Legalized abortion,Social Attitudes & Morality
ABPOOR,2016-2018 (all),0.46670856327528315,0.012919996641705475,0.44855504343472685,0.48486208311583945,ABPOOR,Legalized abortion,Social Attitudes & Morality
ABPOOR,2022-2024 (all),0.5665176996039992,0.013987349626970676,0.5468644724390351,0.5861709267689633,ABPOOR,Legalized abortion,Social Attitudes & Morality
ABPOOR,2022-2024 (f2fp),0.5155852960563994,0.01939406561377103,0.4883352460237107,0.542835346089088,ABPOOR,Legalized abortion,Social Attitudes & Morality
ABPOOR,2022-2024 (web),0.6220337527889682,0.018548819445722304,0.5959713341084655,0.6480961714694708,ABPOOR,Legalized abortion,Social Attitudes & Morality
ABRAPE,2016-2018 (all),0.7797020199365091,0.00976786862642768,0.7659774655246748,0.7934265743483434,ABRAPE,Legalized abortion,Social Attitudes & Morality
ABRAPE,2022-2024 (all),0.8522075408883122,0.009707108889526967,0.838568358254809,0.8658467235218154,ABRAPE,Legalized abortion,Social Attitudes & Morality
ABRAPE,2022-2024 (f2fp),0.8316845575470541,0.01642211309001974,0.8086103134840787,0.8547588016100294,ABRAPE,Legalized abortion,Social Attitudes & Morality
ABRAPE,2022-2024 (web),0.8753350218945358,0.011015942756781446,0.8598568340169833,0.8908132097720883,ABRAPE,Legalized abortion,Social Attitudes & Morality
ABSINGLE,2016-2018 (all),0.4363053905924487,0.012056841199642095,0.4193646659156621,0.4532461152692353,ABSINGLE,Legalized abortion,Social Attitudes & Morality
ABSINGLE,2022-2024 (all),0.547662446174418,0.013621528097832533,0.5285232244361949,0.566801667912641,ABSINGLE,Legalized abortion,Social Attitudes & Morality
ABSINGLE,2022-2024 (f2fp),0.5081105447822447,0.018379465333445928,0.482286080748523,0.5339350088159663,ABSINGLE,Legalized abortion,Social Attitudes & Morality
ABSINGLE,2022-2024 (web),0.5886188234403995,0.01763995911056864,0.5638334185691147,0.6134042283116843,ABSINGLE,Legalized abortion,Social Attitudes & Morality
AFFRMACT,2016-2018 (all),0.763256820648363,0.009668212616671659,0.7496722900616508,0.7768413512350751,AFFRMACT,Racial attitudes and stereotypes,Race & Inequality
AFFRMACT,2022-2024 (all),0.7286950130064919,0.011841884462524679,0.712056317927726,0.7453337080852578,AFFRMACT,Racial attitudes and stereotypes,Race & Inequality
AFFRMACT,2022-2024 (f2fp),0.6804546280022092,0.019170319881476428,0.6535189567347084,0.7073902992697101,AFFRMACT,Racial attitudes and stereotypes,Race & Inequality
AFFRMACT,2022-2024 (web),0.7781057903114927,0.013822970100693376,0.7586835281439981,0.7975280524789874,AFFRMACT,Racial attitudes and stereotypes,Race & Inequality
ATTEND,2016-2018 (all),0.36008391644483256,0.009733803228927515,0.34640722635421645,0.3737606065354487,ATTEND,Religious attitudes and behavior,Religion
ATTEND,2022-2024 (all),0.29397243771791864,0.010825862344573361,0.2787613264217317,0.3091835490141056,ATTEND,Religious attitudes and behavior,Religion
ATTEND,2022-2024 (f2fp),0.3162206652198554,0.016136003083430443,0.2935484261902588,0.33889290424945206,ATTEND,Religious attitudes and behavior,Religion
ATTEND,2022-2024 (web),0.26877443199853707,0.012192710895649713,0.25164280067598227,0.28590606332109186,ATTEND,Religious attitudes and behavior,Religion
BIBLE,2016-2018 (all),0.30558299392363586,0.009928442541019584,0.29163282167108096,0.31953316617619076,BIBLE,Religious attitudes and behavior,Religion
BIBLE,2022-2024 (all),0.2673589501620814,0.010579706264693853,0.2524937057731304,0.28222419455103237,BIBLE,Religious attitudes and behavior,Religion
BIBLE,2022-2024 (f2fp),0.30074983733339494,0.01350778208944414,0.28177043687665715,0.31972923779013274,BIBLE,Religious attitudes and behavior,Religion
BIBLE,2022-2024 (web),0.22475971069063092,0.012694535509557939,0.20692297987481031,0.24259644150645152,BIBLE,Religious attitudes and behavior,Religion
CAPPUN,2016-2018 (all),0.6267726459879963,0.008794444342581599,0.614415822353509,0.6391294696224836,CAPPUN,Attitude and opinion items,"Crime, Punishment & Firearms"
CAPPUN,2022-2024 (all),0.6166225366022843,0.01154882009755706,0.6003956179280745,0.632849455276494,CAPPUN,Attitude and opinion items,"Crime, Punishment & Firearms"
CAPPUN,2022-2024 (f2fp),0.6217916360378875,0.01816162381191107,0.596273254930729,0.6473100171450459,CAPPUN,Attitude and opinion items,"Crime, Punishment & Firearms"
CAPPUN,2022-2024 (web),0.6089317765019555,0.014046737528951544,0.5891951050848917,0.6286684479190193,CAPPUN,Attitude and opinion items,"Crime, Punishment & Firearms"
CHLDIDEL,2016-2018 (all),0.5136944641773108,0.01173926098386186,0.497199962429834,0.5301889659247876,CHLDIDEL,Family & children,Social Attitudes & Morality
CHLDIDEL,2022-2024 (all),0.5644898659955854,0.011852590492313478,0.5478361281788393,0.5811436038123314,CHLDIDEL,Family & children,Social Attitudes & Morality
CHLDIDEL,2022-2024 (f2fp),0.5556392542417607,0.01658680989871809,0.5323335993768097,0.5789449091067118,CHLDIDEL,Family & children,Social Attitudes & Morality
CHLDIDEL,2022-2024 (web),0.5604794015235088,0.018249723864568364,0.5348372335378998,0.5861215695091179,CHLDIDEL,Family & children,Social Attitudes & Morality
CLASS,2016-2018 (all),0.4614130364132887,0.010567450097604777,0.44656501281615296,0.4762610600104244,CLASS,Class identification and economic well-being,Political & Economic Orientations
CLASS,2022-2024 (all),0.4807199770574297,0.010977348880909657,0.46529601633726675,0.49614393777759264,CLASS,Class identification and economic well-being,Political & Economic Orientations
CLASS,2022-2024 (f2fp),0.47583897798509456,0.014140921029717297,0.4559699720096544,0.4957079839605347,CLASS,Class identification and economic well-being,Political & Economic Orientations
CLASS,2022-2024 (web),0.4762981772828596,0.01479218585015771,0.45551409762998846,0.49708225693573077,CLASS,Class identification and economic well-being,Political & Economic Orientations
COLATH,2016-2018 (all),0.3303167679450149,0.01158799360973005,0.31403480768293346,0.34659872820709636,COLATH,Civil liberties (Stouffer),Civil Liberties & Government
COLATH,2022-2024 (all),0.3622875188687791,0.011798372375461393,0.34570996138607546,0.3788650763514827,COLATH,Civil liberties (Stouffer),Civil Liberties & Government
COLATH,2022-2024 (f2fp),0.3687907856058735,0.017691388795002035,0.3439331183476356,0.3936484528641113,COLATH,Civil liberties (Stouffer),Civil Liberties & Government
COLATH,2022-2024 (web),0.35043707978396094,0.01730292860293977,0.32612522689390216,0.3747489326740197,COLATH,Civil liberties (Stouffer),Civil Liberties & Government
COLCOM,2016-2018 (all),0.6792655065825093,0.01094400645986289,0.663888394349911,0.6946426188151076,COLCOM,Civil liberties (Stouffer),Civil Liberties & Government
COLCOM,2022-2024 (all),0.6414077341641422,0.015323430293975569,0.61987721805169,0.6629382502765944,COLCOM,Civil liberties (Stouffer),Civil Liberties & Government
COLCOM,2022-2024 (f2fp),0.6415343824246673,0.02364840825864927,0.6083066765338477,0.6747620883154868,COLCOM,Civil liberties (Stouffer),Civil Liberties & Government
COLCOM,2022-2024 (web),0.6350196049762535,0.020853814109592087,0.605718503846882,0.6643207061056251,COLCOM,Civil liberties (Stouffer),Civil Liberties & Government
COLMSLM,2016-2018 (all),0.6666733860895017,0.011138716762728826,0.6510226919478472,0.6823240802311561,COLMSLM,Civil liberties (Stouffer),Civil Liberties & Government
COLMSLM,2022-2024 (all),0.7175992321263147,0.0099315394518592,0.7036447084924142,0.7315537557602152,COLMSLM,Civil liberties (Stouffer),Civil Liberties & Government
COLMSLM,2022-2024 (f2fp),0.7327476305209673,0.014670203295843252,0.7121349450860173,0.7533603159559172,COLMSLM,Civil liberties (Stouffer),Civil Liberties & Government
COLMSLM,2022-2024 (web),0.696981531434802,0.013875943472729985,0.677484837888805,0.7164782249807989,COLMSLM,Civil liberties (Stouffer),Civil Liberties & Government
COLRAC,2016-2018 (all),0.5547877840607667,0.010834337660218367,0.5395647643396022,0.5700108037819311,COLRAC,Civil liberties (Stouffer),Civil Liberties & Government
COLRAC,2022-2024 (all),0.6526933849021468,0.010638490061859367,0.6377455450715915,0.667641224732702,COLRAC,Civil liberties (Stouffer),Civil Liberties & Government
COLRAC,2022-2024 (f2fp),0.6314334248798473,0.017391381548307393,0.606997289271827,0.6558695604878677,COLRAC,Civil liberties (Stouffer),Civil Liberties & Government
COLRAC,2022-2024 (web),0.6820222541576597,0.014960403142750323,0.6610018171710144,0.7030426911443051,COLRAC,Civil liberties (Stouffer),Civil Liberties & Government
CONARMY,2016-2018 (all),0.5767343570874616,0.010704957639374681,0.5616931255540568,0.5917755886208663,CONARMY,Confidence in institutions,Institutional Confidence
CONARMY,2022-2024 (all),0.45369773969034843,0.012434810235896729,0.43622594147004284,0.471169537910654,CONARMY,Confidence in institutions,Institutional Confidence
CONARMY,2022-2024 (f2fp),0.5087599952453759,0.018565990888846983,0.4826734494584892,0.5348465410322625,CONARMY,Confidence in institutions,Institutional Confidence
CONARMY,2022-2024 (web),0.3848314065675063,0.015655233011681396,0.36283468389277224,0.4068281292422403,CONARMY,Confidence in institutions,Institutional Confidence
CONBUS,2016-2018 (all),0.19541504213035166,0.008440670310727842,0.1835552963267981,0.20727478793390522,CONBUS,Confidence in institutions,Institutional Confidence
CONBUS,2022-2024 (all),0.14999928725610465,0.007777601391736797,0.13907120073315066,0.16092737377905864,CONBUS,Confidence in institutions,Institutional Confidence
CONBUS,2022-2024 (f2fp),0.16532439365532373,0.01184491870557457,0.1486814352479413,0.18196735206270614,CONBUS,Confidence in institutions,Institutional Confidence
CONBUS,2022-2024 (web),0.14121611329711722,0.011375364814842939,0.12523291170763456,0.15719931488659988,CONBUS,Confidence in institutions,Institutional Confidence
CONCLERG,2016-2018 (all),0.2085113352252983,0.007971075682990922,0.19731140347805207,0.21971126697254453,CONCLERG,Confidence in institutions,Institutional Confidence
CONCLERG,2022-2024 (all),0.15421515970679112,0.009844350499619276,0.14038314279005615,0.16804717662352608,CONCLERG,Confidence in institutions,Institutional Confidence
CONCLERG,2022-2024 (f2fp),0.17803187092819586,0.014186612787246986,0.15809866476371015,0.19796507709268157,CONCLERG,Confidence in institutions,Institutional Confidence
CONCLERG,2022-2024 (web),0.12567870873857173,0.0104114754013766,0.11104984075123416,0.1403075767259093,CONCLERG,Confidence in institutions,Institutional Confidence
CONEDUC,2016-2018 (all),0.25809180378504637,0.009517009321231198,0.24471972464858274,0.27146388292151,CONEDUC,Confidence in institutions,Institutional Confidence
CONEDUC,2022-2024 (all),0.18976513075016488,0.00869288195696361,0.17755100953530656,0.2019792519650232,CONEDUC,Confidence in institutions,Institutional Confidence
CONEDUC,2022-2024 (f2fp),0.22993986693167937,0.01416527678150075,0.21003663938207828,0.24984309448128042,CONEDUC,Confidence in institutions,Institutional Confidence
CONEDUC,2022-2024 (web),0.13689397318244964,0.008910627293681422,0.12437390418757908,0.14941404217732018,CONEDUC,Confidence in institutions,Institutional Confidence
CONFED,2016-2018 (all),0.5721252326931384,0.0110272349115727,0.5566311785300341,0.5876192868562428,CONFED,Confidence in institutions,Institutional Confidence
CONFED,2022-2024 (all),0.5286212717737492,0.011430092761607339,0.5125611735027137,0.5446813700447847,CONFED,Confidence in institutions,Institutional Confidence
CONFED,2022-2024 (f2fp),0.5437371632417238,0.018018448183604808,0.518419954138028,0.5690543723454197,CONFED,Confidence in institutions,Institutional Confidence
CONFED,2022-2024 (web),0.5202800430263328,0.01580754690684357,0.4980693084292664,0.5424907776233991,CONFED,Confidence in institutions,Institutional Confidence
CONFINAN,2016-2018 (all),0.16644571176050008,0.0066543888710373506,0.15709581920656457,0.17579560431443558,CONFINAN,Confidence in institutions,Institutional Confidence
CONFINAN,2022-2024 (all),0.1765823488637148,0.010203941350555766,0.16224508106898142,0.19091961665844817,CONFINAN,Confidence in institutions,Institutional Confidence
CONFINAN,2022-2024 (f2fp),0.2033708088912666,0.015837105142115712,0.18111854285844636,0.22562307492408681,CONFINAN,Confidence in institutions,Institutional Confidence
CONFINAN,2022-2024 (web),0.14962308218586054,0.011275753153699488,0.13377984210852573,0.16546632226319533,CONFINAN,Confidence in institutions,Institutional Confidence
CONJUDGE,2016-2018 (all),0.30029636613646077,0.01151628815144524,0.2841151571745343,0.31647757509838725,CONJUDGE,Confidence in institutions,Institutional Confidence
CONJUDGE,2022-2024 (all),0.1808139603839704,0.009041952244761207,0.1681093704351786,0.19351855033276222,CONJUDGE,Confidence in institutions,Institutional Confidence
CONJUDGE,2022-2024 (f2fp),0.19158388759757794,0.013821328558834015,0.17216393191386495,0.21100384328129093,CONJUDGE,Confidence in institutions,Institutional Confidence
CONJUDGE,2022-2024 (web),0.16351103294071562,0.010925211781921636,0.14816032857557782,0.17886173730585342,CONJUDGE,Confidence in institutions,Institutional Confidence
CONLABOR,2016-2018 (all),0.775722604686751,0.008638736881783632,0.7635845611771589,0.7878606481963432,CONLABOR,Confidence in institutions,Institutional Confidence
CONLABOR,2022-2024 (all),0.7455807849588182,0.010603299553122452,0.730682390311282,0.7604791796063544,CONLABOR,Confidence in institutions,Institutional Confidence
CONLABOR,2022-2024 (f2fp),0.7719990479357762,0.013474460318879047,0.7530664669511986,0.7909316289203538,CONLABOR,Confidence in institutions,Institutional Confidence
CONLABOR,2022-2024 (web),0.7262421538947204,0.015357549768348137,0.7046636974791746,0.7478206103102661,CONLABOR,Confidence in institutions,Institutional Confidence
CONLEGIS,2016-2018 (all),0.5035697102317332,0.01014499846541937,0.4893152614085876,0.5178241590548789,CONLEGIS,Confidence in institutions,Institutional Confidence
CONLEGIS,2022-2024 (all),0.47274486289477086,0.011066061639884646,0.45719625439993555,0.48829347138960616,CONLEGIS,Confidence in institutions,Institutional Confidence
CONLEGIS,2022-2024 (f2fp),0.5154799443713685,0.018067701575662787,0.49009353072724315,0.5408663580154938,CONLEGIS,Confidence in institutions,Institutional Confidence
CONLEGIS,2022-2024 (web),0.4211723425927305,0.014221545453296822,0.40119005353265236,0.44115463165280866,CONLEGIS,Confidence in institutions,Institutional Confidence
CONMEDIC,2016-2018 (all),0.37611330245151964,0.0099027217097294,0.3621992698075181,0.3900273350955212,CONMEDIC,Confidence in institutions,Institutional Confidence
CONMEDIC,2022-2024 (all),0.29946287056469784,0.010507986463698533,0.28469839762843646,0.3142273435009592,CONMEDIC,Confidence in institutions,Institutional Confidence
CONMEDIC,2022-2024 (f2fp),0.3266476908510934,0.01633428102792374,0.3036968571206526,0.34959852458153423,CONMEDIC,Confidence in institutions,Institutional Confidence
CONMEDIC,2022-2024 (web),0.2614985574604992,0.01281399303121043,0.24349398027833963,0.2795031346426588,CONMEDIC,Confidence in institutions,Institutional Confidence
CONPRESS,2016-2018 (all),0.5189523486405647,0.011644701085151823,0.5025907103175111,0.5353139869636183,CONPRESS,Confidence in institutions,Institutional Confidence
CONPRESS,2022-2024 (all),0.45081050922874877,0.011172373618379404,0.43511252479641027,0.46650849366108726,CONPRESS,Confidence in institutions,Institutional Confidence
CONPRESS,2022-2024 (f2fp),0.44653231313079617,0.015400866788015841,0.42489299320283797,0.46817163305875437,CONPRESS,Confidence in institutions,Institutional Confidence
CONPRESS,2022-2024 (web),0.45285561401673435,0.01637161733747309,0.4298523200995788,0.4758589079338899,CONPRESS,Confidence in institutions,Institutional Confidence
CONSCI,2016-2018 (all),0.4537962653962825,0.011615646860857778,0.43747545033749136,0.4701170804550736,CONSCI,Confidence in institutions,Institutional Confidence
CONSCI,2022-2024 (all),0.3806645589482973,0.01336264107422343,0.3618890920042806,0.39944002589231403,CONSCI,Confidence in institutions,Institutional Confidence
CONSCI,2022-2024 (f2fp),0.39309877113209096,0.019238197072941204,0.3660677275532693,0.42012981471091265,CONSCI,Confidence in institutions,Institutional Confidence
CONSCI,2022-2024 (web),0.3687652966956348,0.01599356489346716,0.3462931935158575,0.39123739987541206,CONSCI,Confidence in institutions,Institutional Confidence
CONTV,2016-2018 (all),0.5718506494994198,0.01078238430389719,0.5567006279616848,0.5870006710371547,CONTV,Confidence in institutions,Institutional Confidence
CONTV,2022-2024 (all),0.5212480899444352,0.01155758645606816,0.505008853909194,0.5374873259796763,CONTV,Confidence in institutions,Institutional Confidence
CONTV,2022-2024 (f2fp),0.5216498532643122,0.018562668941985536,0.49556797505048544,0.547731731478139,CONTV,Confidence in institutions,Institutional Confidence
CONTV,2022-2024 (web),0.525147339755532,0.015181788638039661,0.5038158403055906,0.5464788392054734,CONTV,Confidence in institutions,Institutional Confidence
COURTS,2016-2018 (all),0.61742366167594,0.009715496330490882,0.6037726940876746,0.6310746292642053,COURTS,"Crime, punishment, and firearms","Crime, Punishment & Firearms"
COURTS,2022-2024 (all),0.612058266038624,0.011518081805163704,0.5958745368648687,0.6282419952123793,COURTS,"Crime, punishment, and firearms","Crime, Punishment & Firearms"
COURTS,2022-2024 (f2fp),0.6037594959341579,0.016148055645947648,0.5810703221917395,0.6264486696765763,COURTS,"Crime, punishment, and firearms","Crime, Punishment & Firearms"
COURTS,2022-2024 (web),0.6040525244735122,0.01698660303826205,0.580185131638181,0.6279199173088434,COURTS,"Crime, punishment, and firearms","Crime, Punishment & Firearms"
DISCAFF,2016-2018 (all),0.5686163339030382,0.011164142704659744,0.5529299144934826,0.5843027533125938,DISCAFF,Attitude and opinion items,Race & Inequality
DISCAFF,2022-2024 (all),0.5428099294124038,0.010036553424080118,0.5287078536327006,0.556912005192107,DISCAFF,Attitude and opinion items,Race & Inequality
DISCAFF,2022-2024 (f2fp),0.5520343354137339,0.014062367019833094,0.5322757034435304,0.5717929673839375,DISCAFF,Attitude and opinion items,Race & Inequality
DISCAFF,2022-2024 (web),0.5293283249215012,0.012643576423292507,0.5115631952685314,0.5470934545744709,DISCAFF,Attitude and opinion items,Race & Inequality
DISCAFFM,2016-2018 (all),0.5224665704601188,0.015218987250091884,0.5010828042982998,0.5438503366219378,DISCAFFM,Gender roles,Social Attitudes & Morality
DISCAFFM,2022-2024 (all),0.5472404779366812,0.015421825627060383,0.5255717093400444,0.568909246533318,DISCAFFM,Gender roles,Social Attitudes & Morality
DISCAFFM,2022-2024 (f2fp),0.5112653154365902,0.022965902980041492,0.47899657830250364,0.5435340525706767,DISCAFFM,Gender roles,Social Attitudes & Morality
DISCAFFM,2022-2024 (web),0.5849600308377154,0.021609667833258045,0.5545969011374666,0.6153231605379642,DISCAFFM,Gender roles,Social Attitudes & Morality
DISCAFFW,2016-2018 (all),0.2832897384042009,0.01345237682831127,0.26438818630417243,0.3021912905042294,DISCAFFW,Gender roles,Social Attitudes & Morality
DISCAFFW,2022-2024 (all),0.30641726692129684,0.016114357809705226,0.2837754410502266,0.32905909279236706,DISCAFFW,Gender roles,Social Attitudes & Morality
DISCAFFW,2022-2024 (f2fp),0.30865237296434556,0.01667937306776811,0.28521666022303016,0.33208808570566095,DISCAFFW,Gender roles,Social Attitudes & Morality
DIVLAW,2016-2018 (all),0.42538254331058845,0.011663082866121641,0.4089950772698664,0.4417700093513105,DIVLAW,Religion,Religion
DIVLAW,2022-2024 (all),0.5185925169314036,0.013696249775084362,0.4993483058895354,0.5378367279732719,DIVLAW,Religion,Religion
DIVLAW,2022-2024 (f2fp),0.5159719233317236,0.017324368168796327,0.4916299463174144,0.5403139003460328,DIVLAW,Religion,Religion
DIVLAW,2022-2024 (web),0.5234092193705097,0.01887490498886734,0.49688862716710575,0.5499298115739135,DIVLAW,Religion,Religion
EQWLTH,2016-2018 (all),0.5037339107226169,0.011024833252592483,0.4882432310622432,0.5192245903829905,EQWLTH,Government Intervention,Civil Liberties & Government
EQWLTH,2022-2024 (all),0.4744246482899569,0.011671891460351042,0.45802480554399677,0.490824491035917,EQWLTH,Government Intervention,Civil Liberties & Government
EQWLTH,2022-2024 (f2fp),0.45290845075043384,0.01841463153108806,0.427034575692521,0.4787823258083467,EQWLTH,Government Intervention,Civil Liberties & Government
EQWLTH,2022-2024 (web),0.4761000183124981,0.017539683458448377,0.451455507908199,0.5007445287167972,EQWLTH,Government Intervention,Civil Liberties & Government
FAIR,2016-2018 (all),0.5679952585281699,0.01177094419721374,0.5514562395986732,0.5845342774576666,FAIR,Subjective well-being and social life orientations,Well-being & Life Orientations
FAIR,2022-2024 (all),0.48312787652696076,0.011991134828969326,0.4662794740029377,0.49997627905098385,FAIR,Subjective well-being and social life orientations,Well-being & Life Orientations
FAIR,2022-2024 (f2fp),0.4977982617834135,0.017437864199163607,0.47329681472462726,0.5222997088421998,FAIR,Subjective well-being and social life orientations,Well-being & Life Orientations
FAIR,2022-2024 (web),0.46162196533962485,0.0168530840057186,0.4379421762996805,0.4853017543795692,FAIR,Subjective well-being and social life orientations,Well-being & Life Orientations
FEAR,2016-2018 (all),0.31591265798718554,0.012024906059878663,0.2990168044670551,0.332808511507316,FEAR,"Crime, punishment, and firearms","Crime, Punishment & Firearms"
FEAR,2022-2024 (all),0.3528102299013441,0.012981255391273068,0.3345706371339502,0.371049822668738,FEAR,"Crime, punishment, and firearms","Crime, Punishment & Firearms"
FEAR,2022-2024 (f2fp),0.3325408273500715,0.01716368814680735,0.30842461726496895,0.3566570374351741,FEAR,"Crime, punishment, and firearms","Crime, Punishment & Firearms"
FEAR,2022-2024 (web),0.38030569960876787,0.0175757782257749,0.3556104734734223,0.40500092574411345,FEAR,"Crime, punishment, and firearms","Crime, Punishment & Firearms"
FECHLD,2016-2018 (all),0.25727658526754466,0.00943032998033773,0.24402629680783683,0.2705268737272525,FECHLD,Gender roles,Social Attitudes & Morality
FECHLD,2022-2024 (all),0.25370317956482963,0.009977300149546505,0.2396843588760288,0.26772200025363047,FECHLD,Gender roles,Social Attitudes & Morality
FECHLD,2022-2024 (f2fp),0.2853147859526916,0.015366504483215367,0.2637237475219552,0.306905824383428,FECHLD,Gender roles,Social Attitudes & Morality
FECHLD,2022-2024 (web),0.21261971478058392,0.012385789085106244,0.19521679478510767,0.23002263477606016,FECHLD,Gender roles,Social Attitudes & Morality
FEFAM,2016-2018 (all),0.7375009652077945,0.010448664763756653,0.7228198435050307,0.7521820869105583,FEFAM,Gender roles,Social Attitudes & Morality
FEFAM,2022-2024 (all),0.7188564928500306,0.011533079687762907,0.7026516905779703,0.735061295122091,FEFAM,Gender roles,Social Attitudes & Morality
FEFAM,2022-2024 (f2fp),0.7070726486288483,0.015666510324773095,0.6850600805222125,0.7290852167354842,FEFAM,Gender roles,Social Attitudes & Morality
FEFAM,2022-2024 (web),0.7430432780887993,0.015072625705921557,0.7218651603702171,0.7642213958073816,FEFAM,Gender roles,Social Attitudes & Morality
FEHIRE,2016-2018 (all),0.719572713522121,0.012194365988150768,0.7024387566761633,0.7367066703680788,FEHIRE,Gender roles,Social Attitudes & Morality
FEHIRE,2022-2024 (all),0.6138053570735581,0.012519413175624093,0.5962146856687229,0.6313960284783933,FEHIRE,Gender roles,Social Attitudes & Morality
FEHIRE,2022-2024 (f2fp),0.7031003950269573,0.01662221952931939,0.6797449870970873,0.7264558029568273,FEHIRE,Gender roles,Social Attitudes & Morality
FEHIRE,2022-2024 (web),0.5165542734532588,0.015297855795277818,0.495059691341596,0.5380488555649215,FEHIRE,Gender roles,Social Attitudes & Morality
FEJOBAFF,2016-2018 (all),0.6512828906684316,0.015054684259545127,0.6301299819659036,0.6724357993709595,FEJOBAFF,Gender roles,Social Attitudes & Morality
FEJOBAFF,2022-2024 (all),0.5615665088450482,0.014214233452485644,0.5415944936693589,0.5815385240207376,FEJOBAFF,Gender roles,Social Attitudes & Morality
FEJOBAFF,2022-2024 (f2fp),0.5325874014690762,0.023751623980373063,0.4992146701030858,0.5659601328350667,FEJOBAFF,Gender roles,Social Attitudes & Morality
FEJOBAFF,2022-2024 (web),0.5914959554018714,0.019890494362491747,0.5635483874526351,0.6194435233511076,FEJOBAFF,Gender roles,Social Attitudes & Morality
FEPOL,2016-2018 (all),0.8313316372204801,0.0071604165635100366,0.8212707395471222,0.841392534893838,FEPOL,Gender roles,Social Attitudes & Morality
FEPOL,2022-2024 (all),0.8475090728449596,0.008777216319627834,0.8351764558155649,0.8598416898743543,FEPOL,Gender roles,Social Attitudes & Morality
FEPOL,2022-2024 (f2fp),0.8489472885102287,0.012204565761741374,0.8317990002524772,0.8660955767679802,FEPOL,Gender roles,Social Attitudes & Morality
FEPOL,2022-2024 (web),0.8573408704581663,0.009384551932430032,0.8441549034316601,0.8705268374846725,FEPOL,Gender roles,Social Attitudes & Morality
FEPRESCH,2016-2018 (all),0.709026578445131,0.010287542230620467,0.6945718454314018,0.7234813114588601,FEPRESCH,Gender roles,Social Attitudes & Morality
FEPRESCH,2022-2024 (all),0.7053470299299653,0.010417909340630862,0.6907091217975608,0.7199849380623699,FEPRESCH,Gender roles,Social Attitudes & Morality
FEPRESCH,2022-2024 (f2fp),0.6782836634323659,0.016411242043034138,0.6552246939683409,0.7013426328963909,FEPRESCH,Gender roles,Social Attitudes & Morality
FEPRESCH,2022-2024 (web),0.7350876118061511,0.012842926280549918,0.7170423813381973,0.7531328422741049,FEPRESCH,Gender roles,Social Attitudes & Morality
FINALTER,2016-2018 (all),0.5734023233425998,0.00866464456543469,0.5612278776835161,0.5855767690016834,FINALTER,Class identification and economic well-being,Political & Economic Orientations
FINALTER,2022-2024 (all),0.6196397850855591,0.008966038308462588,0.6070418596496916,0.6322377105214265,FINALTER,Class identification and economic well-being,Political & Economic Orientations
FINALTER,2022-2024 (f2fp),0.5886806197164122,0.012635855961657007,0.570926337864519,0.6064349015683054,FINALTER,Class identification and economic well-being,Political & Economic Orientations
FINALTER,2022-2024 (web),0.6509228590729349,0.011458351768082789,0.6348230548755782,0.6670226632702916,FINALTER,Class identification and economic well-being,Political & Economic Orientations
FINRELA,2016-2018 (all),0.3074372068792868,0.007682443989411206,0.29664282331609343,0.3182315904424801,FINRELA,Class identification and economic well-being,Political & Economic Orientations
FINRELA,2022-2024 (all),0.3117927066831162,0.009102934188813921,0.29900243273904353,0.3245829806271889,FINRELA,Class identification and economic well-being,Political & Economic Orientations
FINRELA,2022-2024 (f2fp),0.3155918351260855,0.013028632220028284,0.29728567452399,0.333897995728181,FINRELA,Class identification and economic well-being,Political & Economic Orientations
FINRELA,2022-2024 (web),0.3153215386360615,0.012346287645796537,0.2979741209895506,0.33266895628257237,FINRELA,Class identification and economic well-being,Political & Economic Orientations
GETAHEAD,2016-2018 (all),0.7171113285601509,0.010989567671897306,0.7016701995642699,0.7325524575560319,GETAHEAD,Economic well-being,Political & Economic Orientations
GETAHEAD,2022-2024 (all),0.6288470997502259,0.010425223232707977,0.6141989150760687,0.6434952844243831,GETAHEAD,Economic well-being,Political & Economic Orientations
GETAHEAD,2022-2024 (f2fp),0.6011024658035057,0.015123826207897088,0.579852407715724,0.6223525238912874,GETAHEAD,Economic well-being,Political & Economic Orientations
GETAHEAD,2022-2024 (web),0.6504069686214711,0.015086690219278522,0.6292090892551613,0.6716048479877809,GETAHEAD,Economic well-being,Political & Economic Orientations
GOD,2016-2018 (all),0.7553551548810207,0.008745720918450094,0.7430667911441015,0.7676435186179399,GOD,Religious attitudes and behavior,Religion
GOD,2022-2024 (all),0.7212186660056409,0.011100450753214463,0.7056217383456816,0.7368155936656001,GOD,Religious attitudes and behavior,Religion
GOD,2022-2024 (f2fp),0.7536905365323853,0.015105061423874796,0.7324668443089687,0.7749142287558018,GOD,Religious attitudes and behavior,Religion
GOD,2022-2024 (web),0.6881367671741105,0.01520664334595444,0.6667703450809382,0.7095031892672828,GOD,Religious attitudes and behavior,Religion
GOODLIFE,2016-2018 (all),0.6172446278680035,0.009918493095044948,0.6033084352990283,0.6311808204369787,GOODLIFE,Economic well-being,Political & Economic Orientations
GOODLIFE,2022-2024 (all),0.4690680053039903,0.011534526195071277,0.4528611705856492,0.4852748400223314,GOODLIFE,Economic well-being,Political & Economic Orientations
GOODLIFE,2022-2024 (f2fp),0.5478155266486849,0.016364214475042185,0.5248226342829959,0.570808419014374,GOODLIFE,Economic well-being,Political & Economic Orientations
GOODLIFE,2022-2024 (web),0.3758946943681687,0.014213271402941968,0.3559240309409327,0.39586535779540466,GOODLIFE,Economic well-being,Political & Economic Orientations
GRASS,2016-2018 (all),0.6155970063282648,0.012699427003932978,0.5977534026128104,0.6334406100437191,GRASS,"Crime, punishment, and firearms","Crime, Punishment & Firearms"
GRASS,2022-2024 (all),0.7090403548582026,0.012449143094910478,0.6915484179453188,0.7265322917710864,GRASS,"Crime, punishment, and firearms","Crime, Punishment & Firearms"
GRASS,2022-2024 (f2fp),0.7092250181364753,0.018544754760435694,0.6831683106296704,0.7352817256432802,GRASS,"Crime, punishment, and firearms","Crime, Punishment & Firearms"
GRASS,2022-2024 (web),0.7163040180778577,0.016394871718063576,0.6932680500918819,0.7393399860638336,GRASS,"Crime, punishment, and firearms","Crime, Punishment & Firearms"
GUNLAW,2016-2018 (all),0.7138241996689041,0.011074967434633338,0.6982630778951454,0.7293853214426628,GUNLAW,"Crime, punishment, and firearms","Crime, Punishment & Firearms"
GUNLAW,2022-2024 (all),0.6890829495627588,0.011841711209672354,0.6724444979166484,0.7057214012088693,GUNLAW,"Crime, punishment, and firearms","Crime, Punishment & Firearms"
GUNLAW,2022-2024 (f2fp),0.6818586933484224,0.018316707235706917,0.656122408933013,0.7075949777638318,GUNLAW,"Crime, punishment, and firearms","Crime, Punishment & Firearms"
GUNLAW,2022-2024 (web),0.69612990050091,0.015305099876941286,0.6746251399361213,0.7176346610656986,GUNLAW,"Crime, punishment, and firearms","Crime, Punishment & Firearms"
HAPPY,2016-2018 (all),0.30913990078380876,0.008809664378953667,0.29676169190906815,0.3215181096585494,HAPPY,Subjective well-being and social life orientations,Well-being & Life Orientations
HAPPY,2022-2024 (all),0.24130728854821545,0.009099388302108938,0.22852199682870802,0.25409258026772286,HAPPY,Subjective well-being and social life orientations,Well-being & Life Orientations
HAPPY,2022-2024 (f2fp),0.2630498028945703,0.013214580707840852,0.2444823713605668,0.28161723442857384,HAPPY,Subjective well-being and social life orientations,Well-being & Life Orientations
HAPPY,2022-2024 (web),0.21627722332246638,0.011341756091658384,0.20034124439410866,0.2322132022508241,HAPPY,Subjective well-being and social life orientations,Well-being & Life Orientations
HEALTH,2016-2018 (all),0.2722198408665822,0.009344211735555412,0.2590905547034418,0.2853491270297226,HEALTH,Subjective well-being and social life orientations,Well-being & Life Orientations
HEALTH,2022-2024 (all),0.2738380778580203,0.010211877594487896,0.2594896590726422,0.28818649664339835,HEALTH,Subjective well-being and social life orientations,Well-being & Life Orientations
HEALTH,2022-2024 (f2fp),0.3103539259198178,0.013481408896678922,0.29141158168618897,0.32929627015344665,HEALTH,Subjective well-being and social life orientations,Well-being & Life Orientations
HEALTH,2022-2024 (web),0.23383766615148374,0.011105335036236503,0.21823387572435768,0.24944145657860978,HEALTH,Subjective well-being and social life orientations,Well-being & Life Orientations
HELPBLK,2016-2018 (all),0.587376224236183,0.011475443142795626,0.5712524054342907,0.6035000430380753,HELPBLK,Government Intervention,Civil Liberties & Government
HELPBLK,2022-2024 (all),0.6135514228795428,0.013100828778072924,0.5951438209469865,0.6319590248120991,HELPBLK,Government Intervention,Civil Liberties & Government
HELPBLK,2022-2024 (f2fp),0.6360047312028975,0.017001278976381158,0.6121167176242942,0.6598927447815007,HELPBLK,Government Intervention,Civil Liberties & Government
HELPBLK,2022-2024 (web),0.5928809509886298,0.016769227100027886,0.569318986902007,0.6164429150752525,HELPBLK,Government Intervention,Civil Liberties & Government
HELPFUL,2016-2018 (all),0.4852715834000232,0.011621524949181446,0.4689425092064995,0.5016006575935469,HELPFUL,Subjective well-being and social life orientations,Well-being & Life Orientations
HELPFUL,2022-2024 (all),0.5106774404607707,0.013448511384532466,0.4917813195858638,0.5295735613356776,HELPFUL,Subjective well-being and social life orientations,Well-being & Life Orientations
HELPFUL,2022-2024 (f2fp),0.5200543316965865,0.019814382915090377,0.492213705777508,0.5478949576156651,HELPFUL,Subjective well-being and social life orientations,Well-being & Life Orientations
HELPFUL,2022-2024 (web),0.5020445135414674,0.01831569097762742,0.4763096570413834,0.5277793700415514,HELPFUL,Subjective well-being and social life orientations,Well-being & Life Orientations
HELPNOT,2016-2018 (all),0.7033242655381181,0.010544348529077924,0.688508701297918,0.7181398297783183,HELPNOT,Government Intervention,Civil Liberties & Government
HELPNOT,2022-2024 (all),0.7211184169362069,0.0112930747948017,0.7052508387135815,0.7369859951588323,HELPNOT,Government Intervention,Civil Liberties & Government
HELPNOT,2022-2024 (f2fp),0.7075647498186588,0.016494667673476508,0.6843885613738983,0.7307409382634192,HELPNOT,Government Intervention,Civil Liberties & Government
HELPNOT,2022-2024 (web),0.7408821634362355,0.015199798034346573,0.7195253594957248,0.7622389673767461,HELPNOT,Government Intervention,Civil Liberties & Government
HELPOTH,2016-2018 (all),0.5378549884818457,0.009508367698458128,0.5244950514437754,0.5512149255199159,HELPOTH,Family & children,Social Attitudes & Morality
HELPOTH,2022-2024 (all),0.5378541036932509,0.010554161157814705,0.5230247520074809,0.552683455379021,HELPOTH,Family & children,Social Attitudes & Morality
HELPOTH,2022-2024 (f2fp),0.5548311084917213,0.01611153063314525,0.5321932550060315,0.5774689619774112,HELPOTH,Family & children,Social Attitudes & Morality
HELPOTH,2022-2024 (web),0.5208365128435891,0.01555851019207005,0.49897569265192393,0.5426973330352542,HELPOTH,Family & children,Social Attitudes & Morality
HELPPOOR,2016-2018 (all),0.3141998743529487,0.01159116446073108,0.2979134588183037,0.3304862898875937,HELPPOOR,Government Intervention,Civil Liberties & Government
HELPPOOR,2022-2024 (all),0.37800023550161865,0.012887465725430619,0.35989242392635096,0.39610804707688635,HELPPOOR,Government Intervention,Civil Liberties & Government
HELPPOOR,2022-2024 (f2fp),0.3820703494403304,0.017185098414872823,0.35792405639647046,0.40621664248419037,HELPPOOR,Government Intervention,Civil Liberties & Government
HELPPOOR,2022-2024 (web),0.3799996505650179,0.016809643035653514,0.35638089919666427,0.4036184019333715,HELPPOOR,Government Intervention,Civil Liberties & Government
HELPSICK,2016-2018 (all),0.5075497472852583,0.011150734939516512,0.49188216674519264,0.5232173278253238,HELPSICK,Government Intervention,Civil Liberties & Government
HELPSICK,2022-2024 (all),0.5463193785366446,0.012542364253068046,0.5286964592256145,0.5639422978476747,HELPSICK,Government Intervention,Civil Liberties & Government
HELPSICK,2022-2024 (f2fp),0.5780319647139196,0.016254955264842056,0.5551925893571847,0.6008713400706545,HELPSICK,Government Intervention,Civil Liberties & Government
HELPSICK,2022-2024 (web),0.5191312722003184,0.016558413258782177,0.49586551664654965,0.5423970277540872,HELPSICK,Government Intervention,Civil Liberties & Government
HOMOSEX,2016-2018 (all),0.6033233527613613,0.011710527210346263,0.5868692240218717,0.6197774815008509,HOMOSEX,Sexual behavior,Social Attitudes & Morality
HOMOSEX,2022-2024 (all),0.6550119765119244,0.013350136496226114,0.6362540793948255,0.6737698736290234,HOMOSEX,Sexual behavior,Social Attitudes & Morality
HOMOSEX,2022-2024 (f2fp),0.6230208439318902,0.02112778930126963,0.5933347880524621,0.6527068998113182,HOMOSEX,Sexual behavior,Social Attitudes & Morality
HOMOSEX,2022-2024 (web),0.6873710018581859,0.015374352215913076,0.665768936801423,0.7089730669149488,HOMOSEX,Sexual behavior,Social Attitudes & Morality
JOBFIND,2016-2018 (all),0.6329006578814032,0.013288515543057518,0.6142293426131206,0.6515719731496857,JOBFIND,Work orientation,Well-being & Life Orientations
JOBFIND,2022-2024 (all),0.6747256150128191,0.012093244603802832,0.6577337409481478,0.6917174890774904,JOBFIND,Work orientation,Well-being & Life Orientations
JOBFIND,2022-2024 (f2fp),0.6766949829218888,0.018542752659936317,0.6506410885095565,0.7027488773342211,JOBFIND,Work orientation,Well-being & Life Orientations
JOBFIND,2022-2024 (web),0.6657780356339289,0.018508062898769686,0.6397728828184458,0.691783188449412,JOBFIND,Work orientation,Well-being & Life Orientations
JOBLOSE,2016-2018 (all),0.9205313840144014,0.008140416743575279,0.9090935159589354,0.9319692520698674,JOBLOSE,Work orientation,Well-being & Life Orientations
JOBLOSE,2022-2024 (all),0.9062702430824044,0.00947102290623704,0.8929627781498097,0.9195777080149992,JOBLOSE,Work orientation,Well-being & Life Orientations
JOBLOSE,2022-2024 (f2fp),0.9118994227872366,0.011860960711737126,0.8952339242132248,0.9285649213612484,JOBLOSE,Work orientation,Well-being & Life Orientations
JOBLOSE,2022-2024 (web),0.8973810446101453,0.01254725182807266,0.8797512579064773,0.9150108313138132,JOBLOSE,Work orientation,Well-being & Life Orientations
KIDSSOL,2016-2018 (all),0.6258001852604284,0.011469101675053531,0.6096852766745111,0.6419150938463456,KIDSSOL,Economic well-being,Political & Economic Orientations
KIDSSOL,2022-2024 (all),0.5094120316923452,0.014510027220433984,0.48902440510559475,0.5297996582790956,KIDSSOL,Economic well-being,Political & Economic Orientations
KIDSSOL,2022-2024 (f2fp),0.5598189587513743,0.02134036829179807,0.5298342141780354,0.5898037033247132,KIDSSOL,Economic well-being,Political & Economic Orientations
KIDSSOL,2022-2024 (web),0.46943707256549877,0.016607600701573143,0.44610220513474,0.4927719399962575,KIDSSOL,Economic well-being,Political & Economic Orientations
LETDIE1,2016-2018 (all),0.7362845195521102,0.009556562774665293,0.7228568649831143,0.749712174121106,LETDIE1,Suicide,Well-being & Life Orientations
LETDIE1,2022-2024 (all),0.7312003187821504,0.011345536036101998,0.7152590287613554,0.7471416088029454,LETDIE1,Suicide,Well-being & Life Orientations
LETDIE1,2022-2024 (f2fp),0.7402445787885316,0.016901455259277033,0.7164968246758757,0.7639923329011874,LETDIE1,Suicide,Well-being & Life Orientations
LETDIE1,2022-2024 (web),0.7173506157954151,0.016670024596259127,0.6939280383255494,0.7407731932652809,LETDIE1,Suicide,Well-being & Life Orientations
LETIN1A,2016-2018 (all),0.6164345139610642,0.011080651081168909,0.6008654062571995,0.6320036216649288,LETIN1A,Attitude and opinion items,Race & Inequality
LETIN1A,2022-2024 (all),0.575508998793246,0.01015770075423825,0.5612367023453302,0.5897812952411619,LETIN1A,Attitude and opinion items,Race & Inequality
LETIN1A,2022-2024 (f2fp),0.6035436843839435,0.014768243263964207,0.5827932457780131,0.6242941229898739,LETIN1A,Attitude and opinion items,Race & Inequality
LETIN1A,2022-2024 (web),0.5500115723108615,0.013826282809245766,0.5305846555507923,0.5694384890709308,LETIN1A,Attitude and opinion items,Race & Inequality
LIBATH,2016-2018 (all),0.7869231918460358,0.009397237267615866,0.7737194010158269,0.8001269826762446,LIBATH,Civil liberties (Stouffer),Civil Liberties & Government
LIBATH,2022-2024 (all),0.7822143160959503,0.011407366884197294,0.7661861493089468,0.7982424828829537,LIBATH,Civil liberties (Stouffer),Civil Liberties & Government
LIBATH,2022-2024 (f2fp),0.749618719137138,0.017148448392692278,0.7255239219971286,0.7737135162771474,LIBATH,Civil liberties (Stouffer),Civil Liberties & Government
LIBATH,2022-2024 (web),0.8207628794651295,0.012181392163752743,0.8036471517708619,0.8378786071593971,LIBATH,Civil liberties (Stouffer),Civil Liberties & Government
LIBCOM,2016-2018 (all),0.7474384174015183,0.011055314403200867,0.7319049095432993,0.7629719252597372,LIBCOM,Civil liberties (Stouffer),Civil Liberties & Government
LIBCOM,2022-2024 (all),0.6942743344159503,0.010902707950576778,0.6789552495442331,0.7095934192876675,LIBCOM,Civil liberties (Stouffer),Civil Liberties & Government
LIBCOM,2022-2024 (f2fp),0.6794817508412357,0.01621621922221665,0.6566968023963528,0.7022666992861187,LIBCOM,Civil liberties (Stouffer),Civil Liberties & Government
LIBCOM,2022-2024 (web),0.7138893967447787,0.014145761358263096,0.6940135897613563,0.7337652037282011,LIBCOM,Civil liberties (Stouffer),Civil Liberties & Government
LIBMSLM,2016-2018 (all),0.4961999640774668,0.012278242379067864,0.47894815490005005,0.5134517732548836,LIBMSLM,Civil liberties (Stouffer),Civil Liberties & Government
LIBMSLM,2022-2024 (all),0.5142095077712852,0.012295882085319324,0.49693291354428226,0.531486101998288,LIBMSLM,Civil liberties (Stouffer),Civil Liberties & Government
LIBMSLM,2022-2024 (f2fp),0.4673853915212998,0.01678190450841966,0.44380561476868735,0.4909651682739123,LIBMSLM,Civil liberties (Stouffer),Civil Liberties & Government
LIBMSLM,2022-2024 (web),0.5744897006122989,0.015266567869303655,0.5530390802756034,0.5959403209489943,LIBMSLM,Civil liberties (Stouffer),Civil Liberties & Government
LIBRAC,2016-2018 (all),0.6261492062357091,0.012884459364528665,0.6080456188126447,0.6442527936587735,LIBRAC,Civil liberties (Stouffer),Civil Liberties & Government
LIBRAC,2022-2024 (all),0.5640837957315562,0.012579376800184162,0.5464088711431987,0.5817587203199137,LIBRAC,Civil liberties (Stouffer),Civil Liberties & Government
LIBRAC,2022-2024 (f2fp),0.5452678640651923,0.01901090875029287,0.5185561768445143,0.5719795512858704,LIBRAC,Civil liberties (Stouffer),Civil Liberties & Government
LIBRAC,2022-2024 (web),0.5810822499256589,0.015367247932703748,0.5594901668951899,0.6026743329561279,LIBRAC,Civil liberties (Stouffer),Civil Liberties & Government
LIFE,2016-2018 (all),0.48609500958912133,0.010615425226476745,0.4711795775028054,0.5010104416754373,LIFE,Subjective well-being,Well-being & Life Orientations
LIFE,2022-2024 (all),0.5966952809684151,0.01140072801850778,0.5806764422627846,0.6127141196740455,LIFE,Subjective well-being,Well-being & Life Orientations
LIFE,2022-2024 (f2fp),0.5667127367219852,0.017231853936017658,0.5425007488250772,0.5909247246188932,LIFE,Subjective well-being,Well-being & Life Orientations
LIFE,2022-2024 (web),0.6354279504638575,0.015603197077409103,0.6135043420004835,0.6573515589272314,LIFE,Subjective well-being,Well-being & Life Orientations
MEOVRWRK,2016-2018 (all),0.4491796127884964,0.011863295586959284,0.43251083354771314,0.46584839202927963,MEOVRWRK,Gender roles,Social Attitudes & Morality
MEOVRWRK,2022-2024 (all),0.5238764938378573,0.01076390255794466,0.5087524404757451,0.5390005471999695,MEOVRWRK,Gender roles,Social Attitudes & Morality
MEOVRWRK,2022-2024 (f2fp),0.46361273146444854,0.016808225589072568,0.43999597170997407,0.487229491218923,MEOVRWRK,Gender roles,Social Attitudes & Morality
MEOVRWRK,2022-2024 (web),0.5924180678749906,0.0160788760043807,0.5698260964794903,0.6150100392704909,MEOVRWRK,Gender roles,Social Attitudes & Morality
NATAID,2016-2018 (all),0.4385475682326387,0.009593860941736249,0.4250675070698397,0.45202762939543767,NATAID,Priorities for national spending,Political & Economic Orientations
NATAID,2022-2024 (all),0.38439422972481574,0.010895544079757114,0.36908521060424904,0.39970324884538244,NATAID,Priorities for national spending,Political & Economic Orientations
NATAID,2022-2024 (f2fp),0.42003864311521405,0.015276585918824834,0.39857394670204666,0.4415033395283814,NATAID,Priorities for national spending,Political & Economic Orientations
NATAID,2022-2024 (web),0.3502949598089603,0.013439848948945184,0.3314110102759401,0.3691789093419805,NATAID,Priorities for national spending,Political & Economic Orientations
NATARMS,2016-2018 (all),0.7175282330333113,0.008930561633376828,0.7049801548646611,0.7300763112019614,NATARMS,Priorities for national spending,Political & Economic Orientations
NATARMS,2022-2024 (all),0.7182408430125687,0.009209078330648575,0.7053014289535107,0.7311802570716267,NATARMS,Priorities for national spending,Political & Economic Orientations
NATARMS,2022-2024 (f2fp),0.7298517888374492,0.013598825182507435,0.7107444663198855,0.7489591113550128,NATARMS,Priorities for national spending,Political & Economic Orientations
NATARMS,2022-2024 (web),0.7013939523004475,0.013572110999276752,0.6823241651219982,0.7204637394788969,NATARMS,Priorities for national spending,Political & Economic Orientations
NATCHLD,2016-2018 (all),0.5778659769877597,0.009321180887752103,0.5647690508138775,0.5909629031616418,NATCHLD,Priorities for national spending,Political & Economic Orientations
NATCHLD,2022-2024 (all),0.6473517628494839,0.009019434837265038,0.6346788114695768,0.660024714229391,NATCHLD,Priorities for national spending,Political & Economic Orientations
NATCHLD,2022-2024 (f2fp),0.6817703684099455,0.013882348892757074,0.6622646747904366,0.7012760620294544,NATCHLD,Priorities for national spending,Political & Economic Orientations
NATCHLD,2022-2024 (web),0.6204293607167418,0.011967551713560794,0.6036140941574828,0.6372446272760008,NATCHLD,Priorities for national spending,Political & Economic Orientations
NATCITY,2016-2018 (all),0.3771031672466238,0.008671271248282325,0.3649194106239317,0.3892869238693159,NATCITY,Priorities for national spending,Political & Economic Orientations
NATCITY,2022-2024 (all),0.40679902490885905,0.010189884412446486,0.3924815081180881,0.42111654169963003,NATCITY,Priorities for national spending,Political & Economic Orientations
NATCITY,2022-2024 (f2fp),0.43342711593787375,0.015215491758345181,0.41204826119209736,0.45480597068365014,NATCITY,Priorities for national spending,Political & Economic Orientations
NATCITY,2022-2024 (web),0.3911931585543824,0.013962854245391482,0.37157434915343424,0.4108119679553306,NATCITY,Priorities for national spending,Political & Economic Orientations
NATCRIME,2016-2018 (all),0.6025945810955188,0.008631098755276616,0.5904672697002558,0.6147218924907818,NATCRIME,Priorities for national spending,Political & Economic Orientations
NATCRIME,2022-2024 (all),0.6162309870130396,0.01055490854766784,0.6014005851910424,0.6310613888350367,NATCRIME,Priorities for national spending,Political & Economic Orientations
NATCRIME,2022-2024 (f2fp),0.6232361565270622,0.015264580658555429,0.6017883283636735,0.644683984690451,NATCRIME,Priorities for national spending,Political & Economic Orientations
NATCRIME,2022-2024 (web),0.6100729030429103,0.013363897429657021,0.5912956708296042,0.6288501352562164,NATCRIME,Priorities for national spending,Political & Economic Orientations
NATDRUG,2016-2018 (all),0.6459971017094086,0.0088971220123681,0.6334960086012253,0.6584981948175919,NATDRUG,Priorities for national spending,Political & Economic Orientations
NATDRUG,2022-2024 (all),0.6620174467090818,0.00842702843490818,0.6501768687172718,0.6738580247008918,NATDRUG,Priorities for national spending,Political & Economic Orientations
NATDRUG,2022-2024 (f2fp),0.7005279174936818,0.013200597661212971,0.6819801331408216,0.719075701846542,NATDRUG,Priorities for national spending,Political & Economic Orientations
NATDRUG,2022-2024 (web),0.6305778070226655,0.011428107553470936,0.6145204981111239,0.6466351159342072,NATDRUG,Priorities for national spending,Political & Economic Orientations
NATEDUC,2016-2018 (all),0.7449762728939293,0.007603350206073841,0.7342930217563006,0.755659524031558,NATEDUC,Priorities for national spending,Political & Economic Orientations
NATEDUC,2022-2024 (all),0.7463427078096649,0.008998532649690765,0.7336991254990668,0.7589862901202631,NATEDUC,Priorities for national spending,Political & Economic Orientations
NATEDUC,2022-2024 (f2fp),0.7376590819431001,0.013622162793969557,0.7185189684113855,0.7567991954748148,NATEDUC,Priorities for national spending,Political & Economic Orientations
NATEDUC,2022-2024 (web),0.7656442184611265,0.010719324663165816,0.7505828002311866,0.7807056366910664,NATEDUC,Priorities for national spending,Political & Economic Orientations
NATENRGY,2016-2018 (all),0.5734410649581082,0.010344228463575468,0.5589066837305929,0.5879754461856235,NATENRGY,Priorities for national spending,Political & Economic Orientations
NATENRGY,2022-2024 (all),0.5245267898653988,0.010702525393604514,0.5094889758113534,0.5395646039194442,NATENRGY,Priorities for national spending,Political & Economic Orientations
NATENRGY,2022-2024 (f2fp),0.5410809236050097,0.015282344105969296,0.5196081365268467,0.5625537106831727,NATENRGY,Priorities for national spending,Political & Economic Orientations
NATENRGY,2022-2024 (web),0.5130077579712097,0.014704835868228287,0.4923464112937411,0.5336691046486782,NATENRGY,Priorities for national spending,Political & Economic Orientations
NATENVIR,2016-2018 (all),0.6546764783084168,0.008554341086367934,0.642657016930773,0.6666959396860606,NATENVIR,Priorities for national spending,Political & Economic Orientations
NATENVIR,2022-2024 (all),0.6537415648828897,0.0112044061920501,0.637998572392283,0.6694845573734964,NATENVIR,Priorities for national spending,Political & Economic Orientations
NATENVIR,2022-2024 (f2fp),0.6649334252681371,0.014744150077453952,0.6442168393133695,0.6856500112229047,NATENVIR,Priorities for national spending,Political & Economic Orientations
NATENVIR,2022-2024 (web),0.6540652459580653,0.015011406073019175,0.6329731462046068,0.6751573457115237,NATENVIR,Priorities for national spending,Political & Economic Orientations
NATFARE,2016-2018 (all),0.46884118153708015,0.009238247022804496,0.45586078337822244,0.48182157969593786,NATFARE,Priorities for national spending,Political & Economic Orientations
NATFARE,2022-2024 (all),0.5218546436123128,0.010419007354713902,0.5072151926915475,0.5364940945330782,NATFARE,Priorities for national spending,Political & Economic Orientations
NATFARE,2022-2024 (f2fp),0.5578738870025471,0.014099805807406395,0.5380626508566718,0.5776851231484225,NATFARE,Priorities for national spending,Political & Economic Orientations
NATFARE,2022-2024 (web),0.4938033752262977,0.014488407189285572,0.4734461263304469,0.5141606241221485,NATFARE,Priorities for national spending,Political & Economic Orientations
NATHEAL,2016-2018 (all),0.6628446138297489,0.008488575273635925,0.6509175581252156,0.6747716695342822,NATHEAL,Priorities for national spending,Political & Economic Orientations
NATHEAL,2022-2024 (all),0.6968825257872631,0.01014724635879848,0.6826249185130598,0.7111401330614663,NATHEAL,Priorities for national spending,Political & Economic Orientations
NATHEAL,2022-2024 (f2fp),0.6850473097408396,0.01420224209810824,0.6650921432761555,0.7050024762055237,NATHEAL,Priorities for national spending,Political & Economic Orientations
NATHEAL,2022-2024 (web),0.7199632908248114,0.011986540293725726,0.7031213439515919,0.7368052376980309,NATHEAL,Priorities for national spending,Political & Economic Orientations
NATRACE,2016-2018 (all),0.48311141603304736,0.009909960388698336,0.46918721252709233,0.4970356195390024,NATRACE,Priorities for national spending,Political & Economic Orientations
NATRACE,2022-2024 (all),0.46247236015522075,0.011817339061498294,0.4458681531213734,0.4790765671890681,NATRACE,Priorities for national spending,Political & Economic Orientations
NATRACE,2022-2024 (f2fp),0.5335177879744846,0.01598222612755794,0.5110616165722154,0.5559739593767538,NATRACE,Priorities for national spending,Political & Economic Orientations
NATRACE,2022-2024 (web),0.41212898938640175,0.01382142381745504,0.39270889985750945,0.43154907891529404,NATRACE,Priorities for national spending,Political & Economic Orientations
NATROAD,2016-2018 (all),0.5113087427953205,0.01097044828218997,0.49589447791016766,0.5267230076804732,NATROAD,Priorities for national spending,Political & Economic Orientations
NATROAD,2022-2024 (all),0.5089924346707471,0.010534770033888979,0.49419032890172754,0.5237945404397666,NATROAD,Priorities for national spending,Political & Economic Orientations
NATROAD,2022-2024 (f2fp),0.47939820578413084,0.014718864375596328,0.45871714804992586,0.5000792635183359,NATROAD,Priorities for national spending,Political & Economic Orientations
NATROAD,2022-2024 (web),0.5455715049730624,0.01259465753756936,0.5278751098551844,0.5632679000909404,NATROAD,Priorities for national spending,Political & Economic Orientations
NATSCI,2016-2018 (all),0.4300736463004213,0.009354741920985775,0.41692956447320784,0.44321772812763466,NATSCI,Priorities for national spending,Political & Economic Orientations
NATSCI,2022-2024 (all),0.41516462802493537,0.010451451033355675,0.4004795914139986,0.42984966463587215,NATSCI,Priorities for national spending,Political & Economic Orientations
NATSCI,2022-2024 (f2fp),0.41851289008995846,0.015339702254491544,0.39695951070855484,0.44006626947136207,NATSCI,Priorities for national spending,Political & Economic Orientations
NATSCI,2022-2024 (web),0.40723582282064286,0.01273855032576199,0.3893372480383417,0.425134397602944,NATSCI,Priorities for national spending,Political & Economic Orientations
NATSOC,2016-2018 (all),0.5879123020190391,0.009615863050827868,0.5744013263184886,0.6014232777195896,NATSOC,Priorities for national spending,Political & Economic Orientations
NATSOC,2022-2024 (all),0.6050633092799528,0.010706441331563626,0.5900199930528491,0.6201066255070564,NATSOC,Priorities for national spending,Political & Economic Orientations
NATSOC,2022-2024 (f2fp),0.5984362900294388,0.015355228228712478,0.5768610955432112,0.6200114845156663,NATSOC,Priorities for national spending,Political & Economic Orientations
NATSOC,2022-2024 (web),0.6173149848835033,0.013409187517641875,0.5984741168556058,0.6361558529114009,NATSOC,Priorities for national spending,Political & Economic Orientations
NATSPAC,2016-2018 (all),0.7264581727733186,0.009667690500162423,0.7128743757976648,0.7400419697489724,NATSPAC,Priorities for national spending,Political & Economic Orientations
NATSPAC,2022-2024 (all),0.7321752604358772,0.008060042192445762,0.720850324376376,0.7435001964953785,NATSPAC,Priorities for national spending,Political & Economic Orientations
NATSPAC,2022-2024 (f2fp),0.7205936290544855,0.01206585967893141,0.7036402327689323,0.7375470253400388,NATSPAC,Priorities for national spending,Political & Economic Orientations
NATSPAC,2022-2024 (web),0.7369346416738876,0.011401729079367894,0.7209143964061124,0.7529548869416627,NATSPAC,Priorities for national spending,Political & Economic Orientations
OBEY,2016-2018 (all),0.38430030544424754,0.011511157728315123,0.3681263050939535,0.4004743057945416,OBEY,Family & children,Social Attitudes & Morality
OBEY,2022-2024 (all),0.29365763124869254,0.012184797680945658,0.27653711855906904,0.31077814393831604,OBEY,Family & children,Social Attitudes & Morality
OBEY,2022-2024 (f2fp),0.36195642382829457,0.01702752911544507,0.3380315269258385,0.38588132073075065,OBEY,Family & children,Social Attitudes & Morality
OBEY,2022-2024 (web),0.2132801525271319,0.014200285673861938,0.19332773497851619,0.2332325700757476,OBEY,Family & children,Social Attitudes & Morality
PARSOL,2016-2018 (all),0.60995506154051,0.010351841471888393,0.5954099834915259,0.6245001395894942,PARSOL,Economic well-being,Political & Economic Orientations
PARSOL,2022-2024 (all),0.5809739789121499,0.010848590616185814,0.5657309327679052,0.5962170250563945,PARSOL,Economic well-being,Political & Economic Orientations
PARSOL,2022-2024 (f2fp),0.5772868761968536,0.016213431965252566,0.5545058440474621,0.6000679083462451,PARSOL,Economic well-being,Political & Economic Orientations
PARSOL,2022-2024 (web),0.5755463363717784,0.01595898714077298,0.5531228174089312,0.5979698553346257,PARSOL,Economic well-being,Political & Economic Orientations
PARTYID,2016-2018 (all),0.5524550200344847,0.010074531105145355,0.5382995828951902,0.5666104571737791,PARTYID,Voting and political preferences,Political & Economic Orientations
PARTYID,2022-2024 (all),0.5476025971794802,0.011500337804670805,0.5314437995961836,0.5637613947627769,PARTYID,Voting and political preferences,Political & Economic Orientations
PARTYID,2022-2024 (f2fp),0.5409941101543432,0.01644691416677057,0.5178850188037603,0.5641032015049261,PARTYID,Voting and political preferences,Political & Economic Orientations
PARTYID,2022-2024 (web),0.56569021639255,0.014050847326046563,0.5459477704164694,0.5854326623686307,PARTYID,Voting and political preferences,Political & Economic Orientations
PILLOK,2016-2018 (all),0.6126521986541972,0.011455657437582716,0.5965561801840001,0.6287482171243942,PILLOK,Sexual behavior,Social Attitudes & Morality
PILLOK,2022-2024 (all),0.671049550223121,0.012414057818431896,0.6536069106344029,0.688492189811839,PILLOK,Sexual behavior,Social Attitudes & Morality
PILLOK,2022-2024 (f2fp),0.6365853714615897,0.01719838767491034,0.6124204060563935,0.6607503368667859,PILLOK,Sexual behavior,Social Attitudes & Morality
PILLOK,2022-2024 (web),0.7101760404464869,0.015839373161801427,0.687920587683708,0.7324314932092657,PILLOK,Sexual behavior,Social Attitudes & Morality
POLABUSE,2016-2018 (all),0.09874962072664221,0.00669001032309243,0.08934967748348718,0.10814956396979725,POLABUSE,"Crime, punishment, and firearms","Crime, Punishment & Firearms"
POLABUSE,2022-2024 (all),0.10530619069701386,0.007873761250858147,0.09424299269076508,0.11636938870326263,POLABUSE,"Crime, punishment, and firearms","Crime, Punishment & Firearms"
POLABUSE,2022-2024 (f2fp),0.09772155230278765,0.010174070554102372,0.08342625511463474,0.11201684949094055,POLABUSE,"Crime, punishment, and firearms","Crime, Punishment & Firearms"
POLABUSE,2022-2024 (web),0.11491912102255124,0.010892886706832071,0.09961383570110664,0.13022440634399582,POLABUSE,"Crime, punishment, and firearms","Crime, Punishment & Firearms"
POLATTAK,2016-2018 (all),0.8516462614036796,0.008373863481857377,0.8398803839754064,0.8634121388319528,POLATTAK,"Crime, punishment, and firearms","Crime, Punishment & Firearms"
POLATTAK,2022-2024 (all),0.7974614984674615,0.009040422705665362,0.7847590576305536,0.8101639393043694,POLATTAK,"Crime, punishment, and firearms","Crime, Punishment & Firearms"
POLATTAK,2022-2024 (f2fp),0.8307462023389268,0.012465925671632105,0.8132306847047828,0.8482617199730709,POLATTAK,"Crime, punishment, and firearms","Crime, Punishment & Firearms"
POLATTAK,2022-2024 (web),0.7559012782183635,0.013694598521244793,0.7366593873063041,0.7751431691304229,POLATTAK,"Crime, punishment, and firearms","Crime, Punishment & Firearms"
POLESCAP,2016-2018 (all),0.6932237082995183,0.011642937599398709,0.6768645478001435,0.7095828687988931,POLESCAP,"Crime, punishment, and firearms","Crime, Punishment & Firearms"
POLESCAP,2022-2024 (all),0.6309926450596982,0.011790662976480805,0.6144259198342493,0.6475593702851471,POLESCAP,"Crime, punishment, and firearms","Crime, Punishment & Firearms"
POLESCAP,2022-2024 (f2fp),0.6465385223958197,0.015705662627097564,0.624470942502667,0.6686061022889723,POLESCAP,"Crime, punishment, and firearms","Crime, Punishment & Firearms"
POLESCAP,2022-2024 (web),0.6024460873248533,0.01495248043602203,0.5814367823081126,0.623455392341594,POLESCAP,"Crime, punishment, and firearms","Crime, Punishment & Firearms"
POLHITOK,2016-2018 (all),0.6693945026454731,0.011736693600470114,0.6529036082553844,0.6858853970355617,POLHITOK,"Crime, punishment, and firearms","Crime, Punishment & Firearms"
POLHITOK,2022-2024 (all),0.6711017581935396,0.012558051008545802,0.6534567978685142,0.688746718518565,POLHITOK,"Crime, punishment, and firearms","Crime, Punishment & Firearms"
POLHITOK,2022-2024 (f2fp),0.6471536567883918,0.016616477559130458,0.6238063167375343,0.6705009968392491,POLHITOK,"Crime, punishment, and firearms","Crime, Punishment & Firearms"
POLHITOK,2022-2024 (web),0.6878839411006745,0.01448380310251451,0.667533161276207,0.7082347209251421,POLHITOK,"Crime, punishment, and firearms","Crime, Punishment & Firearms"
POLMURDR,2016-2018 (all),0.16938675231127806,0.009026449644228976,0.15670394462560494,0.18206955999695118,POLMURDR,"Crime, punishment, and firearms","Crime, Punishment & Firearms"
POLMURDR,2022-2024 (all),0.19807440451933192,0.009057694532965049,0.1853476955290907,0.21080111350957315,POLMURDR,"Crime, punishment, and firearms","Crime, Punishment & Firearms"
POLMURDR,2022-2024 (f2fp),0.1642672228846226,0.012724383764883947,0.14638855313411855,0.18214589263512662,POLMURDR,"Crime, punishment, and firearms","Crime, Punishment & Firearms"
POLMURDR,2022-2024 (web),0.23185534683408465,0.013098887752159224,0.21345047218183755,0.25026022148633176,POLMURDR,"Crime, punishment, and firearms","Crime, Punishment & Firearms"
POLVIEWS,2016-2018 (all),0.338904970573056,0.00857317762861883,0.32685904250560094,0.3509508986405111,POLVIEWS,Voting and political preferences,Political & Economic Orientations
POLVIEWS,2022-2024 (all),0.35201640384040894,0.010083927899260757,0.3378477635329448,0.36618504414787306,POLVIEWS,Voting and political preferences,Political & Economic Orientations
POLVIEWS,2022-2024 (f2fp),0.3610662929253202,0.01473597485136621,0.3403611937482276,0.38177139210241284,POLVIEWS,Voting and political preferences,Political & Economic Orientations
POLVIEWS,2022-2024 (web),0.3295325114380102,0.012594281972423082,0.3118366440160382,0.3472283788599822,POLVIEWS,Voting and political preferences,Political & Economic Orientations
POPULAR,2016-2018 (all),0.04407175905200152,0.004525423824609392,0.03771321473769522,0.05043030336630783,POPULAR,Family & children,Social Attitudes & Morality
POPULAR,2022-2024 (all),0.041296573888339724,0.003813141482377143,0.03593883723601469,0.04665431054066476,POPULAR,Family & children,Social Attitudes & Morality
POPULAR,2022-2024 (f2fp),0.040121581094466355,0.0058343750945874535,0.031923866576882703,0.048319295612050006,POPULAR,Family & children,Social Attitudes & Morality
POPULAR,2022-2024 (web),0.03987614643771523,0.0053983397135467905,0.03229109283332059,0.04746120004210987,POPULAR,Family & children,Social Attitudes & Morality
PORNLAW,2016-2018 (all),0.3179856990005611,0.010539872959958606,0.3031764232552468,0.33279497474587544,PORNLAW,Sexual behavior,Social Attitudes & Morality
PORNLAW,2022-2024 (all),0.28092926705944965,0.011213013227916936,0.2651741810675279,0.2966843530513714,PORNLAW,Sexual behavior,Social Attitudes & Morality
PORNLAW,2022-2024 (f2fp),0.28575486901377606,0.01506309013866853,0.26459014944955245,0.30691958857799967,PORNLAW,Sexual behavior,Social Attitudes & Morality
PORNLAW,2022-2024 (web),0.27464502828836396,0.013602746430037057,0.2555321961374155,0.2937578604393124,PORNLAW,Sexual behavior,Social Attitudes & Morality
POSTLIFE,2016-2018 (all),0.801442099480321,0.007888727965614266,0.7903578721688171,0.8125263267918248,POSTLIFE,Religious attitudes and behavior,Religion
POSTLIFE,2022-2024 (all),0.7841073746657636,0.00792602167898823,0.7729707470182197,0.7952440023133076,POSTLIFE,Religious attitudes and behavior,Religion
POSTLIFE,2022-2024 (f2fp),0.8183795030753888,0.009545872573795028,0.8049668690036097,0.8317921371471678,POSTLIFE,Religious attitudes and behavior,Religion
POSTLIFE,2022-2024 (web),0.7446486637322228,0.012032387700582474,0.727742297971515,0.7615550294929306,POSTLIFE,Religious attitudes and behavior,Religion
PRAY,2016-2018 (all),0.668679366286521,0.009980150079074416,0.6546565412427916,0.6827021913302505,PRAY,Religious attitudes and behavior,Religion
PRAY,2022-2024 (all),0.599268543729349,0.010830084850357573,0.5840514995103714,0.6144855879483266,PRAY,Religious attitudes and behavior,Religion
PRAY,2022-2024 (f2fp),0.655107877803486,0.012896811051287248,0.6369869353766353,0.6732288202303367,PRAY,Religious attitudes and behavior,Religion
PRAY,2022-2024 (web),0.5411320311020712,0.014761332676198745,0.520391302366475,0.5618727598376674,PRAY,Religious attitudes and behavior,Religion
PRAYER,2016-2018 (all),0.45782532517547403,0.011643462389787987,0.4414654273080481,0.47418522304289995,PRAYER,Religion,Religion
PRAYER,2022-2024 (all),0.5810700142003914,0.013053313880456208,0.5627291740991675,0.5994108543016153,PRAYER,Religion,Religion
PRAYER,2022-2024 (f2fp),0.5272391004472209,0.017545427002087163,0.5025865199530996,0.5518916809413422,PRAYER,Religion,Religion
PRAYER,2022-2024 (web),0.6425589720809046,0.016980059773703406,0.6187007730005164,0.6664171711612928,PRAYER,Religion,Religion
PREMARSX,2016-2018 (all),0.6088645616006964,0.010295093742641247,0.5943992181721894,0.6233299050292033,PREMARSX,Sexual behavior,Social Attitudes & Morality
PREMARSX,2022-2024 (all),0.6687077532848672,0.011789728038312566,0.6521423417144492,0.6852731648552852,PREMARSX,Sexual behavior,Social Attitudes & Morality
PREMARSX,2022-2024 (f2fp),0.6466605053725428,0.018051871997176647,0.6212963334189601,0.6720246773261256,PREMARSX,Sexual behavior,Social Attitudes & Morality
PREMARSX,2022-2024 (web),0.6884611082754262,0.01616318407718876,0.6657506780045187,0.7111715385463335,PREMARSX,Sexual behavior,Social Attitudes & Morality
RACDIF1,2016-2018 (all),0.4347314083064282,0.012102685257867717,0.41772626944721963,0.45173654716563677,RACDIF1,Racial attitudes and stereotypes,Race & Inequality
RACDIF1,2022-2024 (all),0.518589570535152,0.013483874753345683,0.4996437615964489,0.5375353794738551,RACDIF1,Racial attitudes and stereotypes,Race & Inequality
RACDIF1,2022-2024 (f2fp),0.5550388280499092,0.018246192055157782,0.5294016225092595,0.580676033590559,RACDIF1,Racial attitudes and stereotypes,Race & Inequality
RACDIF1,2022-2024 (web),0.49053284795852026,0.01662801845340715,0.4671692921253341,0.5138964037917064,RACDIF1,Racial attitudes and stereotypes,Race & Inequality
RACDIF2,2016-2018 (all),0.0823981715304055,0.005775781822394645,0.07428278475320545,0.09051355830760556,RACDIF2,Racial attitudes and stereotypes,Race & Inequality
RACDIF2,2022-2024 (all),0.07193467221727834,0.006488884589071658,0.0628173250230423,0.08105201941151438,RACDIF2,Racial attitudes and stereotypes,Race & Inequality
RACDIF2,2022-2024 (f2fp),0.08669157285129916,0.010175898833807356,0.0723937067993285,0.10098943890326983,RACDIF2,Racial attitudes and stereotypes,Race & Inequality
RACDIF2,2022-2024 (web),0.04504611814728386,0.00494759854990789,0.03809438813297911,0.05199784816158862,RACDIF2,Racial attitudes and stereotypes,Race & Inequality
RACDIF3,2016-2018 (all),0.5181888326204993,0.011853630290101105,0.5015336338134534,0.5348440314275452,RACDIF3,Racial attitudes and stereotypes,Race & Inequality
RACDIF3,2022-2024 (all),0.5220948590543589,0.013455358339094788,0.5031891177183218,0.5410006003903961,RACDIF3,Racial attitudes and stereotypes,Race & Inequality
RACDIF3,2022-2024 (f2fp),0.5452494128331574,0.016927012609934615,0.5214657488139358,0.569033076852379,RACDIF3,Racial attitudes and stereotypes,Race & Inequality
RACDIF3,2022-2024 (web),0.49324911376500535,0.018450045478379057,0.4673254795769156,0.5191727479530951,RACDIF3,Racial attitudes and stereotypes,Race & Inequality
RACDIF4,2016-2018 (all),0.4120620426549003,0.012039294969060126,0.3951459716876951,0.42897811362210553,RACDIF4,Racial attitudes and stereotypes,Race & Inequality
RACDIF4,2022-2024 (all),0.29580255988265075,0.010915339767251826,0.28046572640456846,0.31113939336073304,RACDIF4,Racial attitudes and stereotypes,Race & Inequality
RACDIF4,2022-2024 (f2fp),0.29918111377741613,0.014699873438665838,0.2785267396685958,0.31983548788623645,RACDIF4,Racial attitudes and stereotypes,Race & Inequality
RACDIF4,2022-2024 (web),0.27332618705928524,0.01610953225867116,0.2506911414327358,0.2959612326858347,RACDIF4,Racial attitudes and stereotypes,Race & Inequality
RACOPEN,2016-2018 (all),0.8032035337876725,0.008146005441467825,0.7917578132117385,0.8146492543636065,RACOPEN,Racial attitudes,Race & Inequality
RACOPEN,2022-2024 (all),0.8337633092600283,0.009379838291378834,0.8205839652365086,0.846942653283548,RACOPEN,Racial attitudes,Race & Inequality
RACOPEN,2022-2024 (f2fp),0.843590010556012,0.012864622404878389,0.8255142954807952,0.8616657256312288,RACOPEN,Racial attitudes,Race & Inequality
RACOPEN,2022-2024 (web),0.8270776190600629,0.012966315357807897,0.808859018108801,0.8452962200113249,RACOPEN,Racial attitudes,Race & Inequality
RANK,2016-2018 (all),0.7314171406265015,0.009083538907809769,0.718654118440172,0.7441801628128311,RANK,Class identification and economic well-being,Political & Economic Orientations
RANK,2022-2024 (all),0.7492020101812472,0.012139464323994788,0.7321451941022087,0.7662588262602856,RANK,Class identification and economic well-being,Political & Economic Orientations
RANK,2022-2024 (f2fp),0.7427538458957365,0.016331406161836304,0.7198070515578747,0.7657006402335982,RANK,Class identification and economic well-being,Political & Economic Orientations
RANK,2022-2024 (web),0.7632736558796707,0.01506563268996226,0.7421053638489336,0.7844419479104078,RANK,Class identification and economic well-being,Political & Economic Orientations
REBORN,2016-2018 (all),0.41201159413083627,0.010998202730325484,0.3965583322599362,0.42746485600173634,REBORN,Religious attitudes and behavior,Religion
REBORN,2022-2024 (all),0.37948917977275004,0.010265580944784681,0.3650653039371766,0.39391305560832346,REBORN,Religious attitudes and behavior,Religion
REBORN,2022-2024 (f2fp),0.41936410580898653,0.01380962060088562,0.3999606006440161,0.43876761097395695,REBORN,Religious attitudes and behavior,Religion
REBORN,2022-2024 (web),0.33827137689815434,0.013455318691705308,0.3193656912695366,0.35717706252677206,REBORN,Religious attitudes and behavior,Religion
RELACTIV,2016-2018 (all),0.22624579384638052,0.008046422786138189,0.21493999402735037,0.23755159366541068,RELACTIV,Religious attitudes and behavior,Religion
RELACTIV,2022-2024 (all),0.1851145003824668,0.008373964043386684,0.1733484816580487,0.1968805191068849,RELACTIV,Religious attitudes and behavior,Religion
RELACTIV,2022-2024 (f2fp),0.1938918245241874,0.012473156007917827,0.17636614775015685,0.21141750129821796,RELACTIV,Religious attitudes and behavior,Religion
RELACTIV,2022-2024 (web),0.17908656071572873,0.011376977446072458,0.1631010932639682,0.19507202816748925,RELACTIV,Religious attitudes and behavior,Religion
RELPERSN,2016-2018 (all),0.46221033994776184,0.009820837671024055,0.44841136023778844,0.47600931965773524,RELPERSN,Religious attitudes and behavior,Religion
RELPERSN,2022-2024 (all),0.5318397630088818,0.010323444472406454,0.5173345847762678,0.5463449412414958,RELPERSN,Religious attitudes and behavior,Religion
RELPERSN,2022-2024 (f2fp),0.4823943512903318,0.013919007969441835,0.462837149044746,0.5019515535359177,RELPERSN,Religious attitudes and behavior,Religion
RELPERSN,2022-2024 (web),0.5868206168629,0.01416971458066105,0.5669111538879085,0.6067300798378915,RELPERSN,Religious attitudes and behavior,Religion
RICHWORK,2016-2018 (all),0.7252857621672981,0.011554302077500887,0.7090511409189751,0.7415203834156211,RICHWORK,Work orientation,Well-being & Life Orientations
RICHWORK,2022-2024 (all),0.6573315742741488,0.014002637314294485,0.6376568668145032,0.6770062817337944,RICHWORK,Work orientation,Well-being & Life Orientations
RICHWORK,2022-2024 (f2fp),0.690730621346474,0.02139448552238703,0.6606698381915118,0.7207914045014362,RICHWORK,Work orientation,Well-being & Life Orientations
RICHWORK,2022-2024 (web),0.6290801086921517,0.019091903835083284,0.6022546175813097,0.6559055998029936,RICHWORK,Work orientation,Well-being & Life Orientations
SATFIN,2016-2018 (all),0.30717065341574795,0.008464437465352454,0.2952775130591619,0.319063793772334,SATFIN,Class identification and economic well-being,Political & Economic Orientations
SATFIN,2022-2024 (all),0.24940116313516336,0.009385247600080403,0.23621421864582615,0.2625881076245006,SATFIN,Class identification and economic well-being,Political & Economic Orientations
SATFIN,2022-2024 (f2fp),0.26126054596329423,0.013321822138242052,0.24254243254534708,0.2799786593812414,SATFIN,Class identification and economic well-being,Political & Economic Orientations
SATFIN,2022-2024 (web),0.22841200642746587,0.010912486143065534,0.21307918249557153,0.2437448303593602,SATFIN,Class identification and economic well-being,Political & Economic Orientations
SATJOB,2016-2018 (all),0.13483310782342783,0.007189471556791448,0.12473138580532515,0.14493482984153053,SATJOB,Subjective well-being and social life orientations,Well-being & Life Orientations
SATJOB,2022-2024 (all),0.12729071728506902,0.007343928996946407,0.11697197151052638,0.13760946305961166,SATJOB,Subjective well-being and social life orientations,Well-being & Life Orientations
SATJOB,2022-2024 (f2fp),0.10630321073535481,0.01026824735746622,0.0918755883991545,0.12073083307155513,SATJOB,Subjective well-being and social life orientations,Well-being & Life Orientations
SATJOB,2022-2024 (web),0.14837098441356036,0.010028931380080389,0.13427961815111258,0.16246235067600814,SATJOB,Subjective well-being and social life orientations,Well-being & Life Orientations
SEXEDUC,2016-2018 (all),0.9172741773683497,0.005844097471213367,0.9090628022158703,0.9254855525208291,SEXEDUC,Sexual behavior,Social Attitudes & Morality
SEXEDUC,2022-2024 (all),0.8645214701024018,0.008720542712312311,0.8522684835468664,0.8767744566579372,SEXEDUC,Sexual behavior,Social Attitudes & Morality
SEXEDUC,2022-2024 (f2fp),0.8830247393968097,0.009696062372191632,0.8694010779106549,0.8966484008829645,SEXEDUC,Sexual behavior,Social Attitudes & Morality
SEXEDUC,2022-2024 (web),0.8490180936088505,0.014913843991593357,0.8280630755613679,0.8699731116563331,SEXEDUC,Sexual behavior,Social Attitudes & Morality
SPANKING,2016-2018 (all),0.3326756400271853,0.011047598169391298,0.3171529740296448,0.3481983060247258,SPANKING,Family & children,Social Attitudes & Morality
SPANKING,2022-2024 (all),0.4417681487312896,0.013978099958137,0.422127918012946,0.4614083794496332,SPANKING,Family & children,Social Attitudes & Morality
SPANKING,2022-2024 (f2fp),0.40575248967197075,0.02065046351719012,0.3767371106767553,0.4347678686671862,SPANKING,Family & children,Social Attitudes & Morality
SPANKING,2022-2024 (web),0.4861557220049903,0.017364504467955594,0.46175735061819634,0.5105540933917843,SPANKING,Family & children,Social Attitudes & Morality
SPKATH,2016-2018 (all),0.20259820037473447,0.009399544259454955,0.18939116805590264,0.2158052326935663,SPKATH,Civil liberties (Stouffer),Civil Liberties & Government
SPKATH,2022-2024 (all),0.21724453488806073,0.012053202437728299,0.20030892293215397,0.23418014684396748,SPKATH,Civil liberties (Stouffer),Civil Liberties & Government
SPKATH,2022-2024 (f2fp),0.21215626500262733,0.017233727778628426,0.18794164422275844,0.2363708857824962,SPKATH,Civil liberties (Stouffer),Civil Liberties & Government
SPKATH,2022-2024 (web),0.21698889993087386,0.014561039472203951,0.19652959747993412,0.2374482023818136,SPKATH,Civil liberties (Stouffer),Civil Liberties & Government
SPKCOM,2016-2018 (all),0.29146358242975157,0.01157053547703888,0.2752061520934106,0.30772101276609254,SPKCOM,Civil liberties (Stouffer),Civil Liberties & Government
SPKCOM,2022-2024 (all),0.3255292693495218,0.011880762594561412,0.30883594771311307,0.34222259098593055,SPKCOM,Civil liberties (Stouffer),Civil Liberties & Government
SPKCOM,2022-2024 (f2fp),0.3168330121859099,0.016913854651319497,0.2930678360401301,0.34059818833168976,SPKCOM,Civil liberties (Stouffer),Civil Liberties & Government
SPKCOM,2022-2024 (web),0.33711553697867913,0.018117701006480774,0.3116588705562798,0.3625722034010785,SPKCOM,Civil liberties (Stouffer),Civil Liberties & Government
SPKMSLM,2016-2018 (all),0.5590292637455192,0.011778856471660687,0.5424791275042197,0.5755793999868187,SPKMSLM,Civil liberties (Stouffer),Civil Liberties & Government
SPKMSLM,2022-2024 (all),0.5709166015911047,0.011968373759358743,0.5541001799986737,0.5877330231835357,SPKMSLM,Civil liberties (Stouffer),Civil Liberties & Government
SPKMSLM,2022-2024 (f2fp),0.573882558225496,0.015693261385786222,0.5518324029638225,0.5959327134871696,SPKMSLM,Civil liberties (Stouffer),Civil Liberties & Government
SPKMSLM,2022-2024 (web),0.5632829892773401,0.016298507600672783,0.5403824197721444,0.5861835587825358,SPKMSLM,Civil liberties (Stouffer),Civil Liberties & Government
SPKRAC,2016-2018 (all),0.41018236533882135,0.010844344736403402,0.3949452849595075,0.4254194457181352,SPKRAC,Civil liberties (Stouffer),Civil Liberties & Government
SPKRAC,2022-2024 (all),0.52084815231614,0.010323855766939814,0.5063423961852743,0.5353539084470057,SPKRAC,Civil liberties (Stouffer),Civil Liberties & Government
SPKRAC,2022-2024 (f2fp),0.475206585621341,0.01745203768230347,0.45068522380448434,0.49972794743819765,SPKRAC,Civil liberties (Stouffer),Civil Liberties & Government
SPKRAC,2022-2024 (web),0.575329185582127,0.016054819312115835,0.5527710155607631,0.5978873556034908,SPKRAC,Civil liberties (Stouffer),Civil Liberties & Government
SPRTPRSN,2016-2018 (all),0.3475364754049772,0.008593541317328023,0.3354619348976538,0.35961101591230055,SPRTPRSN,Religious attitudes and behavior,Religion
SPRTPRSN,2022-2024 (all),0.4040299502442047,0.010165561516444108,0.389746608862871,0.4183132916255384,SPRTPRSN,Religious attitudes and behavior,Religion
SPRTPRSN,2022-2024 (f2fp),0.34645660464092515,0.01416400945470582,0.32655515777616123,0.366358051505689,SPRTPRSN,Religious attitudes and behavior,Religion
SPRTPRSN,2022-2024 (web),0.46032077746159666,0.013305934950404264,0.44162498667945366,0.47901656824373967,SPRTPRSN,Religious attitudes and behavior,Religion
SUICIDE1,2016-2018 (all),0.6644912376907256,0.011466545024515952,0.6483799213817684,0.6806025539996828,SUICIDE1,Suicide,Well-being & Life Orientations
SUICIDE1,2022-2024 (all),0.6740212133889032,0.01216152937843913,0.6569333943293882,0.6911090324484181,SUICIDE1,Suicide,Well-being & Life Orientations
SUICIDE1,2022-2024 (f2fp),0.6499597553549136,0.018595013650355815,0.6238324305112292,0.676087080198598,SUICIDE1,Suicide,Well-being & Life Orientations
SUICIDE1,2022-2024 (web),0.7012222779072468,0.01623594575383035,0.6784096122738098,0.7240349435406838,SUICIDE1,Suicide,Well-being & Life Orientations
SUICIDE2,2016-2018 (all),0.12484975853648256,0.007864640595576525,0.11379937570358137,0.13590014136938375,SUICIDE2,Suicide,Well-being & Life Orientations
SUICIDE2,2022-2024 (all),0.14174789255835676,0.007308726814640174,0.13147860836903344,0.1520171767476801,SUICIDE2,Suicide,Well-being & Life Orientations
SUICIDE2,2022-2024 (f2fp),0.15169946255680078,0.011585457032315625,0.13542106636750487,0.1679778587460967,SUICIDE2,Suicide,Well-being & Life Orientations
SUICIDE2,2022-2024 (web),0.14076954538526312,0.010265720651744832,0.12634547325141318,0.15519361751911304,SUICIDE2,Suicide,Well-being & Life Orientations
SUICIDE4,2016-2018 (all),0.20882800031774387,0.008405332987069069,0.1970179059826807,0.22063809465280704,SUICIDE4,Suicide,Well-being & Life Orientations
SUICIDE4,2022-2024 (all),0.24443407161915226,0.010141224874711648,0.2301849249609903,0.2586832182773142,SUICIDE4,Suicide,Well-being & Life Orientations
SUICIDE4,2022-2024 (f2fp),0.24478841551543237,0.013060835033080444,0.22643700765655533,0.2631398233743094,SUICIDE4,Suicide,Well-being & Life Orientations
SUICIDE4,2022-2024 (web),0.25943988731541384,0.014354070928414316,0.2392713904792316,0.27960838415159606,SUICIDE4,Suicide,Well-being & Life Orientations
TAX,2016-2018 (all),0.5386189702168362,0.011764838985870158,0.522088529546168,0.5551494108875045,TAX,Tax attitudes,Political & Economic Orientations
TAX,2022-2024 (all),0.681799752864927,0.010778659415290331,0.6666549650622389,0.6969445406676151,TAX,Tax attitudes,Political & Economic Orientations
TAX,2022-2024 (f2fp),0.6656952249084144,0.015108913247009836,0.6444661205978554,0.6869243292189734,TAX,Tax attitudes,Political & Economic Orientations
TAX,2022-2024 (web),0.6952531345029872,0.014807342802016515,0.6744477582481182,0.7160585107578561,TAX,Tax attitudes,Political & Economic Orientations
TEENSEX,2016-2018 (all),0.24115593777445485,0.009557096846320294,0.22772753279656532,0.2545843427523444,TEENSEX,Sexual behavior,Social Attitudes & Morality
TEENSEX,2022-2024 (all),0.34925690180307223,0.012429140086006379,0.3317930705491202,0.3667207330570242,TEENSEX,Sexual behavior,Social Attitudes & Morality
TEENSEX,2022-2024 (f2fp),0.32070432951564554,0.01625166409722299,0.2978695784849324,0.3435390805463587,TEENSEX,Sexual behavior,Social Attitudes & Morality
TEENSEX,2022-2024 (web),0.38167750422242386,0.016224165106804106,0.35888139124108553,0.4044736172037622,TEENSEX,Sexual behavior,Social Attitudes & Morality
THNKSELF,2016-2018 (all),0.5977346581391098,0.011631411928026098,0.5813916920327941,0.6140776242454254,THNKSELF,Family & children,Social Attitudes & Morality
THNKSELF,2022-2024 (all),0.675898708905636,0.010064258955257652,0.6617577048720119,0.69003971293926,THNKSELF,Family & children,Social Attitudes & Morality
THNKSELF,2022-2024 (f2fp),0.653125004091266,0.015479792239081575,0.6313747882566306,0.6748752199259013,THNKSELF,Family & children,Social Attitudes & Morality
THNKSELF,2022-2024 (web),0.7057136560763906,0.01538378312952312,0.6840983399111266,0.7273289722416546,THNKSELF,Family & children,Social Attitudes & Morality
TRUST,2016-2018 (all),0.6576089413963281,0.011549702231534084,0.6413807832607549,0.6738370995319013,TRUST,Subjective well-being and social life orientations,Well-being & Life Orientations
TRUST,2022-2024 (all),0.7011700861417477,0.01318250673556804,0.6826477208340108,0.7196924514494846,TRUST,Subjective well-being and social life orientations,Well-being & Life Orientations
TRUST,2022-2024 (f2fp),0.691495764636877,0.01970307091066248,0.6638115400495411,0.7191799892242129,TRUST,Subjective well-being and social life orientations,Well-being & Life Orientations
TRUST,2022-2024 (web),0.7079531476647312,0.016127487372077514,0.6852928738189723,0.73061342151049,TRUST,Subjective well-being and social life orientations,Well-being & Life Orientations
WLTHBLKS,2016-2018 (all),0.407461242006714,0.012220575933145376,0.39029045831244713,0.4246320257009809,WLTHBLKS,Racial attitudes and stereotypes,Race & Inequality
WLTHBLKS,2022-2024 (all),0.4500287427112793,0.017104527233733575,0.4259956579426187,0.4740618274799399,WLTHBLKS,Racial attitudes and stereotypes,Race & Inequality
WLTHBLKS,2022-2024 (f2fp),0.48474478441106467,0.025655718231072534,0.4486966643652673,0.520792904456862,WLTHBLKS,Racial attitudes and stereotypes,Race & Inequality
WLTHBLKS,2022-2024 (web),0.43389165248284806,0.02426013352880544,0.39980442881220934,0.46797887615348677,WLTHBLKS,Racial attitudes and stereotypes,Race & Inequality
WLTHWHTS,2016-2018 (all),0.41743555696176005,0.01215438481942988,0.40035777651892,0.4345133374046001,WLTHWHTS,Racial attitudes and stereotypes,Race & Inequality
WLTHWHTS,2022-2024 (all),0.4404010763682965,0.016752759546982146,0.4168622503721262,0.4639399023644668,WLTHWHTS,Racial attitudes and stereotypes,Race & Inequality
WLTHWHTS,2022-2024 (f2fp),0.4479965935865891,0.0238420240323805,0.4144968436784725,0.4814963434947057,WLTHWHTS,Racial attitudes and stereotypes,Race & Inequality
WLTHWHTS,2022-2024 (web),0.43469490793119225,0.021839758769090303,0.40400848400072054,0.4653813318616639,WLTHWHTS,Racial attitudes and stereotypes,Race & Inequality
WORKBLKS,2016-2018 (all),0.7251321418767933,0.011614240263895799,0.7088133031873903,0.7414509805661963,WORKBLKS,Racial attitudes and stereotypes,Race & Inequality
WORKBLKS,2022-2024 (all),0.787784749131523,0.009838805478596158,0.7739605233661289,0.8016089748969171,WORKBLKS,Racial attitudes and stereotypes,Race & Inequality
WORKBLKS,2022-2024 (f2fp),0.7772696591314825,0.01569150741726493,0.7552219683210959,0.7993173499418691,WORKBLKS,Racial attitudes and stereotypes,Race & Inequality
WORKBLKS,2022-2024 (web),0.8161132617967877,0.011451333652496497,0.8000233185540482,0.8322032050395272,WORKBLKS,Racial attitudes and stereotypes,Race & Inequality
WORKHARD,2016-2018 (all),0.6293342617333156,0.010229687039132556,0.6149608194037625,0.6437077040628688,WORKHARD,Family & children,Social Attitudes & Morality
WORKHARD,2022-2024 (all),0.6081607725156054,0.010292217495753287,0.5936994704198012,0.6226220746114096,WORKHARD,Family & children,Social Attitudes & Morality
WORKHARD,2022-2024 (f2fp),0.5667149021425678,0.01681510293306638,0.5430884792276371,0.5903413250574985,WORKHARD,Family & children,Social Attitudes & Morality
WORKHARD,2022-2024 (web),0.6504655498997788,0.014394565017295758,0.6302401559709486,0.6706909438286089,WORKHARD,Family & children,Social Attitudes & Morality
WORKWHTS,2016-2018 (all),0.3628707119972512,0.010799473662191021,0.34769667868819365,0.3780447453063087,WORKWHTS,Racial attitudes and stereotypes,Race & Inequality
WORKWHTS,2022-2024 (all),0.3193655710839475,0.010469757207219795,0.30465481298873615,0.3340763291791588,WORKWHTS,Racial attitudes and stereotypes,Race & Inequality
WORKWHTS,2022-2024 (f2fp),0.29439635456888175,0.015499442844589355,0.2726185282273046,0.3161741809104589,WORKWHTS,Racial attitudes and stereotypes,Race & Inequality
WORKWHTS,2022-2024 (web),0.33615832126459994,0.014350155830040644,0.31599532542179837,0.3563213171074015,WORKWHTS,Racial attitudes and stereotypes,Race & Inequality
WRKWAYUP,2016-2018 (all),0.6086948166228552,0.012104477329646755,0.5916871597745559,0.6257024734711545,WRKWAYUP,Racial attitudes and stereotypes,Race & Inequality
WRKWAYUP,2022-2024 (all),0.4864349281895449,0.013112288338411646,0.46801122475466306,0.5048586316244268,WRKWAYUP,Racial attitudes and stereotypes,Race & Inequality
WRKWAYUP,2022-2024 (f2fp),0.5120808907315075,0.019113363569628845,0.48522524715796383,0.5389365343050512,WRKWAYUP,Racial attitudes and stereotypes,Race & Inequality
WRKWAYUP,2022-2024 (web),0.44632827685369775,0.01677019526241855,0.42276495242963413,0.46989160127776136,WRKWAYUP,Racial attitudes and stereotypes,Race & Inequality
XMARSEX,2016-2018 (all),0.2547492696221275,0.010294755129503794,0.24028440196931003,0.269214137274945,XMARSEX,Sexual behavior,Social Attitudes & Morality
XMARSEX,2022-2024 (all),0.30468617184642405,0.011529672552983292,0.2884861568425447,0.3208861868503034,XMARSEX,Sexual behavior,Social Attitudes & Morality
XMARSEX,2022-2024 (f2fp),0.2503253398914691,0.015441020208186737,0.2286296015347796,0.2720210782481586,XMARSEX,Sexual behavior,Social Attitudes & Morality
XMARSEX,2022-2024 (web),0.36949461955100593,0.01614337737002675,0.3468120191210352,0.3921772199809766,XMARSEX,Sexual behavior,Social Attitudes & Morality
XMOVIE,2016-2018 (all),0.2858494400748991,0.010346080079208796,0.2713124571949168,0.3003864229548814,XMOVIE,Sexual behavior,Social Attitudes & Morality
XMOVIE,2022-2024 (all),0.5396962574605086,0.012515796354137144,0.5221106679486835,0.5572818469723337,XMOVIE,Sexual behavior,Social Attitudes & Morality
XMOVIE,2022-2024 (f2fp),0.5469429045676873,0.019734090604013408,0.5192150950914146,0.5746707140439601,XMOVIE,Sexual behavior,Social Attitudes & Morality
XMOVIE,2022-2024 (web),0.5386841545820122,0.01717874076274306,0.5145467944943501,0.5628215146696743,XMOVIE,Sexual behavior,Social Attitudes & Morality
