variable,model_type,term,estimate,std.error,statistic,p.value,conf.low,conf.high,p.value.adj
c_abany,Bivariate,(Intercept),0.05423859360938669,0.04406487235973594,1.2308805337411333,0.21836754918343143,-0.03212696919905023,0.14060415641782362,NA
c_abany,Bivariate,mode_fctrweb,0.48937701184082355,0.0646892512465213,7.565043688260961,3.877342698984277e-14,0.36258840921077906,0.616165614470868,4.6528112387811325e-12
c_abdefect,Bivariate,(Intercept),1.3571881362844893,0.05505252949289174,24.652602683037962,3.451056469486151e-134,1.2492871612205925,1.4650891113483862,NA
c_abdefect,Bivariate,mode_fctrweb,0.10346030755779932,0.08030581007930943,1.2883290443820028,0.19763144685898296,-0.05393618794696077,0.26085680306255943,1
c_abhlth,Bivariate,(Intercept),2.414628776628836,0.07987334571104825,30.230720337721365,9.352431796663236e-201,2.2580798957104644,2.5711776575472074,NA
c_abhlth,Bivariate,mode_fctrweb,0.09887252629177655,0.11807497594400171,0.8373707087492263,0.4023842250514832,-0.13255017403390001,0.3302952266174531,1
c_abnomore,Bivariate,(Intercept),0.16771175040183614,0.04425037945136459,3.7900635538316103,1.5060874536940595e-4,0.0809826003749303,0.254440900428742,NA
c_abnomore,Bivariate,mode_fctrweb,0.2888471518487852,0.06458920482406236,4.472065457928919,7.746770512687359e-6,0.16225463660354228,0.4154396670940281,6.507287230657381e-4
c_abpoor,Bivariate,(Intercept),0.013993090025654924,0.044164560237735115,0.31683979078091074,0.7513651698088873,-0.0725678574333556,0.10055403748466545,NA
c_abpoor,Bivariate,mode_fctrweb,0.5121745055342705,0.0647566559774875,7.909217945292399,2.5901082006222082e-15,0.38525379205914456,0.6390952190093964,3.134030922752872e-13
c_abrape,Bivariate,(Intercept),1.5882082648183666,0.05881617432991952,27.002916849191468,1.3658168539911967e-160,1.4729306814232952,1.703485848213438,NA
c_abrape,Bivariate,mode_fctrweb,0.31667312748838444,0.08998046652155378,3.5193541412960894,4.3259883345898555e-4,0.14031465379402702,0.49303160118274186,0.029416720675211016
c_absingle,Bivariate,(Intercept),-0.010726840876788,0.04407718962901234,-0.24336490069066052,0.80772273172334,-0.09711654508939455,0.07566286333581854,NA
c_absingle,Bivariate,mode_fctrweb,0.4239723172182555,0.06434342036193458,6.589210129542267,4.421726116362517e-11,0.2978615306667426,0.5500831037697684,4.775464205671519e-9
c_affrmact,Bivariate,(Intercept),0.7657167817311147,0.04887537202719189,15.66672027181925,2.5542393353157554e-55,0.6699228128268222,0.8615107506354072,NA
c_affrmact,Bivariate,mode_fctrweb,0.5270043231437652,0.07415577185344507,7.1067202184246705,1.1883298360707322e-12,0.3816616810652439,0.6723469652222865,1.3546960131206347e-10
c_attend,Bivariate,(Intercept),-0.7942949851444163,0.03823040950317795,-20.776523073298222,7.058941175550544e-96,-0.8692252108848629,-0.7193647594039697,NA
c_attend,Bivariate,mode_fctrweb,-0.19459678282747475,0.05673270920957209,-3.4300632833984577,6.034404931428403e-4,-0.30579084962361985,-0.08340271603132966,0.039827072547427456
c_bible,Bivariate,(Intercept),-0.7396287450754444,0.0381707567016241,-19.376842614282637,1.2104981430237449e-83,-0.8144420534732685,-0.6648154366776203,NA
c_bible,Bivariate,mode_fctrweb,-0.5985117324943641,0.05976170990316969,-10.0149700111345,1.31001633618669e-23,-0.7156425315591073,-0.48138093342962085,1.716121400404564e-21
c_cappun,Bivariate,(Intercept),0.49754555786042304,0.041307068664570214,12.045046379366456,2.0596053939679163e-33,0.41658519097094243,0.5785059247499037,NA
c_cappun,Bivariate,mode_fctrweb,-0.048929980387074634,0.059310360209729525,-0.8249820134973308,0.4093818023033142,-0.16517615030824195,0.06731618953409269,1
c_chldidel,Bivariate,(Intercept),0.25714002549980325,0.044173057154535234,5.821196042651596,5.84279865857886e-9,0.17056242438988486,0.3437176266097216,NA
c_chldidel,Bivariate,mode_fctrweb,-0.0044680584403035606,0.0637546874291772,-0.07008203820726071,0.9441283629809546,-0.12942494964709936,0.12048883276649223,1
c_class,Bivariate,(Intercept),-0.21006398623412195,0.03575078516541126,-5.875786650900132,4.208400477702172e-9,-0.28013423757735684,-0.13999373489088707,NA
c_class,Bivariate,mode_fctrweb,0.2877112804784894,0.05159905390834976,5.57590224405126,2.4625018906073893e-8,0.18657899318178317,0.3888435677751956,2.462501890607389e-6
c_colath,Bivariate,(Intercept),-0.47967285681892996,0.04491118544242591,-10.680476413472736,1.2562528512981491e-26,-0.5676971627890843,-0.39164855084877565,NA
c_colath,Bivariate,mode_fctrweb,-0.19704085727287474,0.0658387479071625,-2.992779533880518,0.0027644937178414267,-0.32608243195812503,-0.06799928258762442,0.1658696230704856
c_colcom,Bivariate,(Intercept),0.5166707897443663,0.06526220978228386,7.916844855054574,2.436134138514959e-15,0.3887592090195924,0.6445823704691402,NA
c_colcom,Bivariate,mode_fctrweb,0.1503166225109803,0.09409390281687334,1.5975171399099926,0.11015048015994101,-0.03410403817490332,0.3347372831968639,1
c_colmslm,Bivariate,(Intercept),1.0524010601388258,0.04998700105329869,21.0534946678778,2.1242501126729642e-98,0.9544283383791947,1.150373781898457,NA
c_colmslm,Bivariate,mode_fctrweb,-0.2515019962458246,0.07021590710825851,-3.5818378855101902,3.4118549809374657e-4,-0.3891226453198212,-0.11388134717182799,0.02388298486656226
c_colrac,Bivariate,(Intercept),0.5602700036001528,0.04524304801219705,12.383560087488135,3.207907975683682e-35,0.4715952589454301,0.6489447482548755,NA
c_colrac,Bivariate,mode_fctrweb,0.18247106111433856,0.06649099525255008,2.7442973356206513,0.006064058485977963,0.05215110512311674,0.31279101710556034,0.33958727521476595
c_conarmy,Bivariate,(Intercept),0.07282618316887811,0.0445033961450436,1.636418554025092,0.10175201864301552,-0.014398870465126001,0.16005123680288222,NA
c_conarmy,Bivariate,mode_fctrweb,-0.5316835993208325,0.06462555387985042,-8.227141856444591,1.917333450171521e-16,-0.6583473574062921,-0.405019841235373,2.3583201437109708e-14
c_conbus,Bivariate,(Intercept),-1.6350426557393902,0.06075054857874806,-26.91403936245879,1.5044948371990524e-159,-1.7541115429947873,-1.5159737684839931,NA
c_conbus,Bivariate,mode_fctrweb,-0.2184946918133512,0.09018666434945295,-2.422694013460057,0.015405896900862606,-0.39525730582408136,-0.04173207780262103,0.8011066388448554
c_conclerg,Bivariate,(Intercept),-1.4690475526086688,0.05784032010520467,-25.39833026402077,2.631289614294607e-142,-1.582412496869138,-1.3556826083481996,NA
c_conclerg,Bivariate,mode_fctrweb,-0.5495708332437065,0.0916329015604733,-5.997527349726193,2.0034463199098124e-9,-0.7291680201011382,-0.3699736463862747,2.0835841727062048e-7
c_coneduc,Bivariate,(Intercept),-1.1566049627801367,0.05202509534257901,-22.23167406352707,1.6968723688479103e-109,-1.258572275943854,-1.0546376496164194,NA
c_coneduc,Bivariate,mode_fctrweb,-0.6802591174351948,0.08427340701725755,-8.072049552902152,6.912780711801206e-16,-0.8454319600435046,-0.5150862748268851,8.433592468397472e-14
c_confed,Bivariate,(Intercept),0.20455013671929193,0.04502442722648553,4.543092479341207,5.54349169092701e-6,0.11630388093083568,0.29279639250774814,NA
c_confed,Bivariate,mode_fctrweb,-0.1783154630663684,0.06413865042909397,-2.78015614412558,0.005433276657032584,-0.304024907924397,-0.052606018208339766,0.3096967694508573
c_confinan,Bivariate,(Intercept),-1.3927742829202399,0.055699576277596204,-25.005114508931182,5.37846110442565e-138,-1.50194344637847,-1.2836051194620097,NA
c_confinan,Bivariate,mode_fctrweb,-0.4217770068333837,0.08613806923668418,-4.8965226475468615,9.754741052382875e-7,-0.5906045202351022,-0.2529494934316652,8.681719536620759e-5
c_conjudge,Bivariate,(Intercept),-1.4785702005172203,0.0577673526148928,-25.595256379050948,1.7228153504672488e-144,-1.591792131124636,-1.3653482699098047,NA
c_conjudge,Bivariate,mode_fctrweb,-0.16105472316557085,0.08460269648466887,-1.903659455993298,0.0569545499960133,-0.3268729612704952,0.004763514939353508,1
c_conlabor,Bivariate,(Intercept),1.2574253930459793,0.05517206109721552,22.79098094287872,5.633930168882201e-115,1.1492901403425935,1.3655606457493652,NA
c_conlabor,Bivariate,mode_fctrweb,-0.28850860439306003,0.07532667404150407,-3.830098807151572,1.2809181493329933e-4,-0.4361461725895962,-0.14087103619652389,0.009863069749864048
c_conlegis,Bivariate,(Intercept),0.10545342014701509,0.04476545529706593,2.3556874256549074,0.018488467550094263,0.017714740013228106,0.19319210028080208,NA
c_conlegis,Bivariate,mode_fctrweb,-0.46089198628056305,0.06447102912549321,-7.1488231618489335,8.752499466283204e-13,-0.5872528814127626,-0.33453109114836355,1.0065374386225685e-10
c_conmedic,Bivariate,(Intercept),-0.6695954478007717,0.04683532161373522,-14.296804734749637,2.2908893128770134e-46,-0.7613909913680431,-0.5777999042335004,NA
c_conmedic,Bivariate,mode_fctrweb,-0.35914995801469707,0.06987307391379942,-5.140033748304403,2.7468912735692517e-7,-0.496098666374849,-0.2222012496545451,2.6095467098907892e-5
c_conpress,Bivariate,(Intercept),-0.21228774651017834,0.04493419514073999,-4.72441413149305,2.307797011555311e-6,-0.3003571506603234,-0.12421834236003328,NA
c_conpress,Bivariate,mode_fctrweb,0.029257064599987788,0.06428264323430932,0.45513163628549314,0.6490145393185087,-0.09673460097029582,0.15524873017027138,1
c_consci,Bivariate,(Intercept),-0.5070104029141624,0.04656774762611355,-10.887586983697036,1.3209386547706252e-27,-0.5982815111024956,-0.4157392947258293,NA
c_consci,Bivariate,mode_fctrweb,0.03908841543503194,0.06609442043568273,0.5914026505924104,0.554250664831845,-0.0904542681979543,0.16863109906801818,1
c_contv,Bivariate,(Intercept),0.13679530845073345,0.04474493125092026,3.0572246872749416,0.002233967530139784,0.04909685470820903,0.2244937621932579,NA
c_contv,Bivariate,mode_fctrweb,-0.10610181240896893,0.06391380824415417,-1.660076520611232,0.09689905965032841,-0.23137057468231026,0.019166949864372396,1
c_courts,Bivariate,(Intercept),0.4258450248412332,0.042494629601635046,10.021149233051514,1.2306355045224801e-23,0.34255708128565887,0.5091329683968076,NA
c_courts,Bivariate,mode_fctrweb,0.054451000357201594,0.060377029283755504,0.9018496107401509,0.36713676179184246,-0.06388580253247933,0.1727878032468825,1
c_discaff,Bivariate,(Intercept),0.23560975486043825,0.03712086446622506,6.347097737306497,2.1941474569891922e-10,0.1628541974316445,0.30836531228923203,NA
c_discaff,Bivariate,mode_fctrweb,-0.0993181087329694,0.052673147710724684,-1.8855548424486395,0.0593549675078936,-0.20255558119834816,0.0039193637324093505,1
c_discaffm,Bivariate,(Intercept),0.026185366197168134,0.062153737364465785,0.42129994602929055,0.6735360696367484,-0.09563372054174622,0.1480044529360825,NA
c_discaffm,Bivariate,mode_fctrweb,0.3738088506573765,0.09059181743196663,4.126298171886247,3.6864923950397004e-5,0.19625215119669412,0.5513655501180589,0.0029123289920813633
c_discaffw,Bivariate,(Intercept),-0.8254485895262696,0.0477506870130166,-17.286632741037977,5.931764488887993e-67,-0.9190382163088266,-0.7318589627437126,NA
c_discaffw,Bivariate,mode_fctrweb,-11.660540552706133,247.91273612789013,-0.047034858857315176,0.9624854449117419,-497.56057467215254,474.23949356674024,1
c_divlaw,Bivariate,(Intercept),0.0993074638682583,0.0450075046753791,2.206464557067156,0.02735148922297455,0.011094375670497203,0.1875205520660194,NA
c_divlaw,Bivariate,mode_fctrweb,-0.022598463478330097,0.06433770256296059,-0.351247597879569,0.7254026041611596,-0.14869804334978315,0.10350111639312294,1
c_eqwlth,Bivariate,(Intercept),-0.157403981817749,0.044739065204494,-3.518267113948056,4.3437489294289217e-4,-0.24509093832054632,-0.06971702531495169,NA
c_eqwlth,Bivariate,mode_fctrweb,0.1333658857125237,0.06388160372823234,2.0877040952179935,0.03682453521045852,0.00816024313052871,0.2585715282945187,1
c_fair,Bivariate,(Intercept),-0.05476275587193913,0.04683856506163414,-1.1691809046643011,0.24233075295150275,-0.1465646564802781,0.037039144736399854,NA
c_fair,Bivariate,mode_fctrweb,0.036080544154786426,0.0699876360564656,0.5155274015209895,0.6061845267314039,-0.101092701878983,0.17325379018855586,1
c_fear,Bivariate,(Intercept),-0.6129882357078593,0.04505283614266428,-13.605985509253427,3.689611490357908e-42,-0.7012901719488658,-0.5246862994668529,NA
c_fear,Bivariate,mode_fctrweb,-0.01918761359305532,0.06566854953913466,-0.29218878333258463,0.7701422872293993,-0.14789560560674359,0.10952037842063295,1
c_fechld,Bivariate,(Intercept),-0.8979743720498747,0.04751492790313502,-18.898784270082555,1.1671086524589646e-79,-0.9911019194680366,-0.8048468246317129,NA
c_fechld,Bivariate,mode_fctrweb,-0.45142507940806903,0.07367268067373929,-6.127442021652675,8.930312445043388e-10,-0.5958208801731181,-0.30702927864302,9.376828067295557e-8
c_fefam,Bivariate,(Intercept),0.8343494749071886,0.04707572314339212,17.723561513134268,2.7587988498938678e-70,0.7420827529999614,0.9266161968144158,NA
c_fefam,Bivariate,mode_fctrweb,0.2560394804896293,0.0705247957014338,3.6304887939494437,2.828849872246081e-4,0.11781342089777391,0.39426554008148473,0.020084834092947177
c_fehire,Bivariate,(Intercept),0.8994550781211644,0.047542418990300775,18.91900111991912,7.954780183208697e-80,0.8062736491622619,0.992636507080067,NA
c_fehire,Bivariate,mode_fctrweb,-0.897744991331328,0.06586019363081659,-13.631071241054853,2.6171023533662857e-42,-1.0268285988625627,-0.7686613838000933,3.5854302241118115e-40
c_fejobaff,Bivariate,(Intercept),0.06729251569539735,0.06297394778040676,1.0685770555476315,0.2852602919092218,-0.05613415391850593,0.19071918530930063,NA
c_fejobaff,Bivariate,mode_fctrweb,0.419516228220073,0.09164611508224894,4.5775669578963925,4.704152406263839e-6,0.23989314333585207,0.5991393131042939,4.0455710693869016e-4
c_fepol,Bivariate,(Intercept),1.699625353543464,0.06165982449103557,27.564550622270495,2.9619602583350455e-167,1.5787743182479737,1.8204763888389544,NA
c_fepol,Bivariate,mode_fctrweb,0.1469777702406854,0.09231377024143451,1.5921543433475243,0.11135002905017842,-0.03395389470963159,0.32790943519100235,1
c_fepresch,Bivariate,(Intercept),0.7456333890848937,0.046377413681797715,16.077511225632257,3.668221736693329e-58,0.6547353285724551,0.8365314495973324,NA
c_fepresch,Bivariate,mode_fctrweb,0.35769927099899074,0.07017895659055058,5.096959093962278,3.4515287320488386e-7,0.22015104360891177,0.4952474983890697,3.2444370081259084e-5
c_finalter,Bivariate,(Intercept),0.3210808864265309,0.03595958432326825,8.928937652340162,4.301191850524936e-19,0.250601396253894,0.39156037659916776,NA
c_finalter,Bivariate,mode_fctrweb,0.3493595603356094,0.053273938694919504,6.557794841043473,5.460926644261282e-11,0.24494455917897243,0.4537745614922464,5.843191509359571e-9
c_finrela,Bivariate,(Intercept),-0.6985458907968886,0.037766942586316604,-18.496225613189555,2.214498756249423e-76,-0.7725677380722611,-0.624524043521516,NA
c_finrela,Bivariate,mode_fctrweb,-0.27601197486097334,0.056248159966538924,-4.90704007073597,9.246114826707478e-7,-0.3862563425920373,-0.1657676071299094,8.321503344036729e-5
c_getahead,Bivariate,(Intercept),0.4795625377675015,0.04421202021388988,10.846881355963001,2.0634616697353634e-27,0.39290857046452055,0.5662165050704825,NA
c_getahead,Bivariate,mode_fctrweb,0.14125454092172937,0.06507934924126389,2.170497132632147,0.029969205615966527,0.013701360271548085,0.2688077215719107,1
c_god,Bivariate,(Intercept),1.2422006552182636,0.05319724752452669,23.350844508365675,1.3511976962545417e-120,1.1379359659935289,1.3464653444429984,NA
c_god,Bivariate,mode_fctrweb,-0.5379233631571727,0.07200779612546712,-7.470348935827581,7.998244354997387e-14,-0.6790560501691911,-0.39679067614515434,9.437928338896916e-12
c_goodlife,Bivariate,(Intercept),0.1942605217642418,0.044570236973149414,4.358525665485485,1.3094156842480618e-5,0.10690446251445347,0.28161658101403014,NA
c_goodlife,Bivariate,mode_fctrweb,-0.6702546877980091,0.06471001225694001,-10.35782044263368,3.8564952025709453e-25,-0.797083981260757,-0.5434253943352613,5.129138619419357e-23
c_grass,Bivariate,(Intercept),0.8373168678713936,0.0500626010338984,16.725396814768562,8.560413580519185e-63,0.7391959728725551,0.9354377628702321,NA
c_grass,Bivariate,mode_fctrweb,0.12791707634602953,0.07324862129113416,1.7463410790710994,0.08075170175477149,-0.015647583301807155,0.2714817359938662,1
c_gunlaw,Bivariate,(Intercept),0.7479556790529305,0.0466754804101249,16.024595193897202,8.604941846744677e-58,0.6564734184879809,0.83943793961788,NA
c_gunlaw,Bivariate,mode_fctrweb,0.06718259310257152,0.06797933374010659,0.9882796639257879,0.3230157021408709,-0.06605445272106589,0.20041963892620893,1
c_happy,Bivariate,(Intercept),-1.0659049590297558,0.04059161249555574,-26.259241589539187,5.605764037140972e-152,-1.145463057595451,-0.9863468604640605,NA
c_happy,Bivariate,mode_fctrweb,-0.16435134447003488,0.0602457482731661,-2.7280156555585213,0.006371658394670091,-0.28243084130710655,-0.046271847632963214,0.35044121170685505
c_health,Bivariate,(Intercept),-0.7268087300507131,0.0377104002964436,-19.273429195586058,8.978504251327962e-83,-0.8007197564743311,-0.6528977036270951,NA
c_health,Bivariate,mode_fctrweb,-0.555796015600598,0.058779508051742035,-9.455608493887794,3.211485717395488e-21,-0.6710017344109944,-0.4405902967902015,4.1749314326141344e-19
c_helpblk,Bivariate,(Intercept),0.56739722247223,0.04749459183937782,11.946564871872429,6.766465072000045e-33,0.47430953300661954,0.6604849119378404,NA
c_helpblk,Bivariate,mode_fctrweb,-0.24224758124059773,0.06640850367352909,-3.6478397771392546,2.6445446095364e-4,-0.3724058567079106,-0.11208930577328488,0.019040721188662083
c_helpful,Bivariate,(Intercept),0.13967479555311776,0.047918790989536254,2.9148230301473537,0.0035589028742856067,0.04575569103092428,0.23359390007531125,NA
c_helpful,Bivariate,mode_fctrweb,-0.19166022657683227,0.0707406270242575,-2.7093374011388183,0.006741774138522889,-0.3303093077881578,-0.053011145365506745,0.36405580348023603
c_helpnot,Bivariate,(Intercept),0.9338116897769657,0.05030916949096106,18.5614610462759,6.5888150385445585e-77,0.8352075294825608,1.0324158500713707,NA
c_helpnot,Bivariate,mode_fctrweb,0.02874340565665173,0.07172500014607092,0.4007445883320265,0.688608179192223,-0.11183501142077734,0.1693218227340808,1
c_helpoth,Bivariate,(Intercept),0.21613451808738976,0.045344319698322116,4.7665180451563245,1.8743694972910736e-6,0.1272612845752083,0.3050077515995712,NA
c_helpoth,Bivariate,mode_fctrweb,-0.10141681743035685,0.06462020817405091,-1.5694288256886504,0.1165480517472603,-0.22807009812497742,0.02523646326426371,1
c_helppoor,Bivariate,(Intercept),-0.521429204840669,0.04639422984211309,-11.239096038778424,2.620518904475095e-29,-0.612360224421684,-0.430498185259654,NA
c_helppoor,Bivariate,mode_fctrweb,0.019946936264761853,0.0661000423829193,0.30176888766891735,0.7628282498590181,-0.10960676618233109,0.1495006387118548,1
c_helpsick,Bivariate,(Intercept),0.32493834818711304,0.045425701929246824,7.153182766294364,8.478859241846779e-13,0.23590560843333763,0.41397108794088844,NA
c_helpsick,Bivariate,mode_fctrweb,-0.2698887972222042,0.06442236109395977,-4.189365193066619,2.7973590368575503e-5,-0.3961543047653997,-0.14362328967900873,0.002265860819854616
c_homosex,Bivariate,(Intercept),0.4655194365293169,0.04548784022554774,10.233931402789773,1.3972917364439915e-24,0.37636490795273103,0.5546739651059027,NA
c_homosex,Bivariate,mode_fctrweb,0.3758931202352629,0.06741911465101368,5.575468057998462,2.468652031754517e-8,0.24375408364969944,0.5080321568208264,2.462501890607389e-6
c_jobfind,Bivariate,(Intercept),0.7319272739689363,0.06062927289346004,12.072176343844754,1.4816329133738711e-33,0.6130960826889041,0.8507584652489685,NA
c_jobfind,Bivariate,mode_fctrweb,0.048899716480574625,0.08590001800651052,0.569263169151704,0.5691775575197029,-0.11946122508352808,0.2172606580446773,1
c_joblose,Bivariate,(Intercept),2.290263654113862,0.0979541350825336,23.380979804315004,6.673555432716043e-121,2.0982770772153247,2.4822502310123995,NA
c_joblose,Bivariate,mode_fctrweb,0.0059757716412578744,0.13849487506097477,0.04314796225222729,0.9655835865271061,-0.26546919552162707,0.27742073880414286,1
c_kidssol,Bivariate,(Intercept),0.27960512684390043,0.04766610355075419,5.865911119548106,4.466730332699731e-9,0.18618128060106548,0.3730289730867354,NA
c_kidssol,Bivariate,mode_fctrweb,-0.503638403787093,0.06728018873562773,-7.485686548325555,7.117408162853215e-14,-0.6355051505819808,-0.37177165699220527,8.469715713795326e-12
c_letdie1,Bivariate,(Intercept),0.9895903501676937,0.04961461024500993,19.945543163210143,1.6386078492597073e-88,0.8923475009804823,1.0868331993549052,NA
c_letdie1,Bivariate,mode_fctrweb,0.05573715019909579,0.07192714656800216,0.7749111824754532,0.4383921439111496,-0.08523746658492215,0.1967117669831137,1
c_letin1a,Bivariate,(Intercept),0.41698858706142167,0.03681778305282139,11.325738610148807,9.785057773002852e-30,0.3448270582872826,0.48915011583556073,NA
c_letin1a,Bivariate,mode_fctrweb,-0.24763479553486,0.052529430835670354,-4.714210521517824,2.4264969331872614e-6,-0.3505905881011616,-0.1446790029685584,2.1110523318729175e-4
c_libath,Bivariate,(Intercept),1.0311899318621027,0.04918015116120996,20.967603952291974,1.2963006388193555e-97,0.9347986068318955,1.12758125689231,NA
c_libath,Bivariate,mode_fctrweb,0.5718205935498781,0.0782971833123277,7.3032077190935984,2.8098687499032673e-13,0.4183609341667853,0.7252802529329709,3.25944774988779e-11
c_libcom,Bivariate,(Intercept),0.6646507335738919,0.046644595031978014,14.24925509843593,4.530883593641116e-46,0.5732290072377592,0.7560724599100247,NA
c_libcom,Bivariate,mode_fctrweb,0.3996255626449422,0.06999634034270505,5.709235092697111,1.1348504395845717e-8,0.2624352565236323,0.5368158687662521,1.1461989439804174e-6
c_libmslm,Bivariate,(Intercept),-0.1917994291403306,0.0435120574937668,-4.407960464011758,1.0434858668157638e-5,-0.2770814947213497,-0.10651736355931155,NA
c_libmslm,Bivariate,mode_fctrweb,0.5626067440491234,0.06353877851320146,8.854541387386453,8.402858286458364e-19,0.4380730265415811,0.6871404615566656,1.0503572858072955e-16
c_librac,Bivariate,(Intercept),0.144716369224647,0.04376205225121401,3.306891742505801,9.433734217905538e-4,0.058944322922707584,0.23048841552658644,NA
c_librac,Bivariate,mode_fctrweb,0.24249462800139365,0.06378401329959829,3.8018088774436034,1.436435176957619e-4,0.11748025914475724,0.36750899685803007,0.010916907344877904
c_life,Bivariate,(Intercept),0.2806917271676977,0.04341661835624642,6.465075765794047,1.0124806672138551e-10,0.19559671885893415,0.36578673547646123,NA
c_life,Bivariate,mode_fctrweb,0.22890153925229412,0.06395091631603596,3.579331656814683,3.444740669752636e-4,0.10356004649452877,0.35424303201005947,0.02388298486656226
c_meovrwrk,Bivariate,(Intercept),-0.1674933239535318,0.04448788201654889,-3.764920161657203,1.6660230602260652e-4,-0.25468797045443475,-0.08029867745262886,NA
c_meovrwrk,Bivariate,mode_fctrweb,0.5356758876424353,0.06508828482234708,8.229989299987194,1.8723016674474204e-16,0.40810519357515007,0.6632465817097206,2.3216540676348012e-14
c_nataid,Bivariate,(Intercept),-0.36439923700273025,0.037147252484893166,-9.809587859853755,1.023858712544278e-22,-0.43720651399773686,-0.29159196000772364,NA
c_nataid,Bivariate,mode_fctrweb,-0.28076082556307497,0.05396342105386291,-5.202798860413929,1.963093048154757e-7,-0.3865271873112167,-0.17499446381493322,1.884569326228567e-5
c_natarms,Bivariate,(Intercept),1.0682933395522176,0.04172915125324882,25.600648646527308,1.5003805311395856e-144,0.9865057059904255,1.1500809731140098,NA
c_natarms,Bivariate,mode_fctrweb,-0.2563673527984793,0.05805126282242752,-4.416223529584172,1.0044022095510869e-5,-0.3701457371875062,-0.14258896840945237,8.336538339274021e-4
c_natchld,Bivariate,(Intercept),0.7562410157581964,0.039287204123464765,19.249041326066827,1.4379926258758814e-82,0.679239510622932,0.8332425208934607,NA
c_natchld,Bivariate,mode_fctrweb,-0.29714443769254423,0.054833195036204534,-5.4190611635223815,5.991281968830462e-8,-0.40461552512076554,-0.18967335026432292,5.871456329453853e-6
c_natcity,Bivariate,(Intercept),-0.2594913150482967,0.03789805908904339,-6.847087193531702,7.536878489257615e-12,-0.33377014594679255,-0.18521248414980085,NA
c_natcity,Bivariate,mode_fctrweb,-0.24644963905295633,0.05404253751195424,-4.560289919740382,5.108304464469171e-6,-0.35237106620954145,-0.1405282118963712,4.342058794798795e-4
c_natcrime,Bivariate,(Intercept),0.5399387205105857,0.03727647731689506,14.484703474538506,1.513744971813028e-47,0.4668781674989471,0.6129992735222243,NA
c_natcrime,Bivariate,mode_fctrweb,-0.11379513475376037,0.053279851312187355,-2.135800531555361,0.03269567579678006,-0.2182217244272967,-0.009368545080224042,1
c_natdrug,Bivariate,(Intercept),0.8390457117837931,0.039589722499823385,21.193523440017447,1.095822499093258e-99,0.7614512815262042,0.9166401420413819,NA
c_natdrug,Bivariate,mode_fctrweb,-0.31611553014237925,0.0552235456484409,-5.724288913913734,1.0386786105590098e-8,-0.424351690711927,-0.2078793695728315,1.05945218277019e-6
c_nateduc,Bivariate,(Intercept),1.001966112221152,0.04010106170133131,24.98602455176113,8.673981851784588e-138,0.9233694755447241,1.08056274889758,NA
c_nateduc,Bivariate,mode_fctrweb,0.18464240819909933,0.059518470627813305,3.102270711116272,0.001920422528956302,0.06798834935368023,0.3012964670445184,0.11906619679529072
c_natenrgy,Bivariate,(Intercept),0.13694502917726536,0.03671925389065831,3.7295155719954685,1.9184825048927605e-4,0.06497661401239284,0.20891344434213788,NA
c_natenrgy,Bivariate,mode_fctrweb,-0.07914124365380706,0.05230365275641921,-1.5131112165793064,0.1302514109457884,-0.1816545193162778,0.023372032008663682,1
c_natenvir,Bivariate,(Intercept),0.6385225171467654,0.03791510612068213,16.840847421457195,1.2246999505187976e-63,0.5642102746802143,0.7128347596133165,NA
c_natenvir,Bivariate,mode_fctrweb,0.00888603202233166,0.05450814614659314,0.16302209211874016,0.8705010403586598,-0.0979479712890366,0.1157200353336999,1
c_natfare,Bivariate,(Intercept),0.2545448168701413,0.03641900198778786,6.989340810478446,2.761807835925345e-12,0.18316488462118447,0.32592474911909813,NA
c_natfare,Bivariate,mode_fctrweb,-0.3482936062233667,0.05209492970674637,-6.68574865508,2.2974705553636703e-11,-0.4503977922257353,-0.2461894202209981,2.5042429053464005e-9
c_natheal,Bivariate,(Intercept),0.7307337126566038,0.038228212747470826,19.115037301997567,1.892846856035359e-81,0.6558077924782261,0.8056596328349815,NA
c_natheal,Bivariate,mode_fctrweb,0.1785173649498445,0.056194773498719694,3.1767610016954997,0.0014892971243508357,0.06837763277296804,0.28865709712672094,0.09382571883410265
c_natrace,Bivariate,(Intercept),0.1515604187553628,0.03785208317239063,4.004017904777067,6.227564819130067e-5,0.07737169899766255,0.22574913851306305,NA
c_natrace,Bivariate,mode_fctrweb,-0.5979335639756833,0.053851429266494964,-11.103392651227233,1.2077067964153817e-28,-0.7034804258540196,-0.49238670209734703,1.6183271071966117e-26
c_natroad,Bivariate,(Intercept),-0.10364592202228758,0.03582777100804394,-2.8928933926427436,0.003817108334166272,-0.17386706284440198,-0.03342478120017317,NA
c_natroad,Bivariate,mode_fctrweb,0.32865872716492045,0.05183774017558737,6.340143803562255,2.2955080016183822e-10,0.22705862338082422,0.4302588309490167,2.4332384817154852e-8
c_natsci,Bivariate,(Intercept),-0.35048309301259795,0.03755867148006076,-9.33161582136001,1.0426900832413255e-20,-0.4240967364206887,-0.2768694496045072,NA
c_natsci,Bivariate,mode_fctrweb,0.00929194030438305,0.05329089636072147,0.174362619864502,0.8615804893106394,-0.09515629726648764,0.11374017787525373,1
c_natsoc,Bivariate,(Intercept),0.4621615627730767,0.03752592637369682,12.315793570842297,7.447893205475141e-35,0.3886120985941292,0.5357110269520242,NA
c_natsoc,Bivariate,mode_fctrweb,-0.048433042053738724,0.053482290329606,-0.9055902758698391,0.3651527576225746,-0.15325640491048126,0.05639032080300382,1
c_natspac,Bivariate,(Intercept),0.915962640501651,0.04132819191736116,22.163143317113594,7.7917593880097635e-109,0.8349608727974638,0.9969644082058382,NA
c_natspac,Bivariate,mode_fctrweb,0.22705921305623808,0.05997915043216566,3.7856356987422517,1.533161425487606e-4,0.10950223838588341,0.34461618772659275,0.011498710691157045
c_obey,Bivariate,(Intercept),-0.5033187235731923,0.046515902537835774,-10.820358116534354,2.7569799912496586e-27,-0.5944882172557256,-0.41214922989065894,NA
c_obey,Bivariate,mode_fctrweb,-0.8925650185905692,0.07405345897390977,-12.052982142333612,1.8705760644270325e-33,-1.0377071311100468,-0.7474229060710917,2.543983447620764e-31
c_parsol,Bivariate,(Intercept),0.35489079686900604,0.04538210366332701,7.820060513320607,5.279794983106938e-15,0.26594350814622186,0.4438380855917902,NA
c_parsol,Bivariate,mode_fctrweb,-0.02783854611740126,0.06480089511764447,-0.42960125885392547,0.6674857212066001,-0.1548459667139418,0.09916887447913929,1
c_partyid,Bivariate,(Intercept),0.16987550197475623,0.03847205486168433,4.415555721821899,1.0075082195222335e-5,0.09447166003460589,0.24527934391490658,NA
c_partyid,Bivariate,mode_fctrweb,-0.06915630663684262,0.05600776013228979,-1.2347629413048495,0.21691874325012625,-0.17892949935088887,0.04061688607720362,1
c_pillok,Bivariate,(Intercept),0.5521992028654304,0.04531590933646624,12.185548319584736,3.7114863113326218e-34,0.4633816526392743,0.6410167530915867,NA
c_pillok,Bivariate,mode_fctrweb,0.3550769859378008,0.0678010551192277,5.237042186340616,1.6317040658651517e-7,0.2221893597902995,0.48796461208530206,1.582752943889197e-5
c_polabuse,Bivariate,(Intercept),-2.1557059071641365,0.07297122677815648,-29.541861941252638,8.354431704266577e-192,-2.298726883557028,-2.012684930771245,NA
c_polabuse,Bivariate,mode_fctrweb,0.027456399950199526,0.10394203168667165,0.2641510802190739,0.7916635048855232,-0.17626623863559793,0.23117903853599697,1
c_polattak,Bivariate,(Intercept),1.5408666785485903,0.05838923211613579,26.38956915007577,1.8051582653921543e-153,1.4264258865160147,1.655307470581166,NA
c_polattak,Bivariate,mode_fctrweb,-0.2306949455342865,0.0807982207596193,-2.8551983368621574,0.0043009960150951244,-0.3890565482380568,-0.07233334283051618,0.25375876489061233
c_polescap,Bivariate,(Intercept),0.5528559706271017,0.04656536666152194,11.872685866423975,1.6411279384141737e-32,0.4615895290436166,0.6441224122105867,NA
c_polescap,Bivariate,mode_fctrweb,-0.024411846779122483,0.06634814102974558,-0.367935655773355,0.7129212128195677,-0.15445181363860802,0.10562812008036307,1
c_polhitok,Bivariate,(Intercept),0.4978047593720279,0.046255737101995466,10.762011170081488,5.2022246823313106e-27,0.4071451805737637,0.5884643381702921,NA
c_polhitok,Bivariate,mode_fctrweb,0.4790217460858421,0.0689860415296003,6.943748843457049,3.818290956471705e-12,0.3438115892518411,0.6142319029198431,4.314668780813027e-10
c_polmurdr,Bivariate,(Intercept),-1.5267633634940754,0.05855336559525003,-26.07473281805563,7.054703960479175e-150,-1.641525851234372,-1.4120008757537788,NA
c_polmurdr,Bivariate,mode_fctrweb,0.19348793968381206,0.08120193765779771,2.382799539823933,0.01718154753132354,0.03433506639966186,0.35264081296796224,0.8762589240975005
c_polviews,Bivariate,(Intercept),-0.5650647131607167,0.03797240763045053,-14.880929296344762,4.383679688686084e-50,-0.6394892645226736,-0.49064016179875974,NA
c_polviews,Bivariate,mode_fctrweb,-0.0616536519543793,0.05455686425388009,-1.1300805645184142,0.25844227846525797,-0.1685831410014249,0.04527583709266632,1
c_popular,Bivariate,(Intercept),-3.09519235126738,0.11073917507263807,-27.950292651513113,6.538523263626321e-172,-3.3122371460874263,-2.8781475564473338,NA
c_popular,Bivariate,mode_fctrweb,-0.17277273109357413,0.16494970974111656,-1.0474267057804199,0.29490282000721935,-0.4960682214464982,0.1505227592593499,1
c_pornlaw,Bivariate,(Intercept),-0.8877524996778702,0.04912125640291872,-18.072674941293258,5.2314630666359365e-73,-0.9840283931029483,-0.791476606252792,NA
c_pornlaw,Bivariate,mode_fctrweb,-0.10649438122076123,0.0711163994175258,-1.4974658741583722,0.13427207879061206,-0.24587996278927704,0.03289120034775457,1
c_postlife,Bivariate,(Intercept),1.5212818619875774,0.049649441975854997,30.640462439182933,3.540913689458818e-206,1.4239707438623905,1.6185929801127643,NA
c_postlife,Bivariate,mode_fctrweb,-0.4542746821549133,0.0675763510009219,-6.7223914198728485,1.787659458923259e-11,-0.5867218963233574,-0.3218274679864692,1.966425404815585e-9
c_pray,Bivariate,(Intercept),0.7192948452786005,0.0378168521089308,19.020484391632703,1.1541233392342776e-80,0.6451751771364186,0.7934145134207825,NA
c_pray,Bivariate,mode_fctrweb,-0.632255576377127,0.05308897246883523,-11.909357950905518,1.0578868190003453e-32,-0.7363080503922825,-0.5282031023619715,1.4281472056504661e-30
c_prayer,Bivariate,(Intercept),0.03885465456360037,0.04441952548350482,0.8747201628263461,0.3817261865494779,-0.048206015594428185,0.12591532472162892,NA
c_prayer,Bivariate,mode_fctrweb,0.6304154941374723,0.06707488774455152,9.398681314806685,5.5251161534443725e-21,0.49895112989108437,0.7618798583838603,7.072148676408797e-19
c_premarsx,Bivariate,(Intercept),0.5963336475188458,0.04564362895859338,13.064992007095293,5.219010893937751e-39,0.5068737786362933,0.6857935164013982,NA
c_premarsx,Bivariate,mode_fctrweb,0.2551414291549846,0.06755025164081307,3.777061120536687,1.586897989516295e-4,0.12274536879237333,0.3875374895175959,0.011743045122420583
c_racdif1,Bivariate,(Intercept),0.2321341767624732,0.04486355006498074,5.174226658974783,2.288568729745205e-7,0.14420323441650137,0.32006511910844504,NA
c_racdif1,Bivariate,mode_fctrweb,-0.32525530569011396,0.0640916126121612,-5.074849772595638,3.878022626827434e-7,-0.450872558121043,-0.19963805325918496,3.606561042949514e-5
c_racdif2,Bivariate,(Intercept),-2.237394229550985,0.07437384404612601,-30.083079048104228,8.066783626092699e-199,-2.3831642852731907,-2.0916241738287793,NA
c_racdif2,Bivariate,mode_fctrweb,-0.9301542818158809,0.13767110459081194,-6.7563508303394455,1.4151052807290173e-11,-1.199984688525719,-0.6603238751060427,1.5849179144164994e-9
c_racdif3,Bivariate,(Intercept),0.1766497822706954,0.04443516426387987,3.975450191241651,7.024624547600381e-5,0.08955846066636962,0.26374110387502114,NA
c_racdif3,Bivariate,mode_fctrweb,-0.16821901216932283,0.06369224774314174,-2.641122242187415,0.008263189886376188,-0.29305352384028316,-0.04338450049836254,0.437949063977938
c_racdif4,Bivariate,(Intercept),-0.7375174664285886,0.047703541445004244,-15.460434258929117,6.416450081140441e-54,-0.8310146895958107,-0.6440202432613665,NA
c_racdif4,Bivariate,mode_fctrweb,-0.3053142204246536,0.0706542528534759,-4.32124335187324,1.5515244324791528e-5,-0.44379401137205265,-0.16683442947725455,0.0012722500346329052
c_racopen,Bivariate,(Intercept),1.6691257596868292,0.05960429931413563,28.00344570598757,1.4751507948182427e-172,1.552303479707378,1.7859480396662804,NA
c_racopen,Bivariate,mode_fctrweb,-0.11376834019906468,0.0865486903868381,-1.3145010015814866,0.18867766126078395,-0.2834006562663753,0.05586397586824593,1
c_rank,Bivariate,(Intercept),0.9679475649492759,0.0564395145795449,17.150175230247008,6.266322942022281e-66,0.8573281490684447,1.0785669808301073,NA
c_rank,Bivariate,mode_fctrweb,0.2724781918636175,0.08512103215750486,3.201067761483834,0.0013691932898153099,0.10564403450803225,0.4393123492192027,0.08762837054817983
c_reborn,Bivariate,(Intercept),-0.2745428201242546,0.036320975075993876,-7.558795421924452,4.068191538782028e-14,-0.34573062315657954,-0.2033550170919297,NA
c_reborn,Bivariate,mode_fctrweb,-0.4867169364789518,0.05412388853019112,-8.99264538628731,2.413499501210113e-19,-0.5927978087013869,-0.38063606425651675,3.041009371524742e-17
c_relactiv,Bivariate,(Intercept),-1.4713657639642066,0.04546433457402521,-32.3630770745918,9.083235722685168e-230,-1.5604742223103751,-1.382257305618038,NA
c_relactiv,Bivariate,mode_fctrweb,-0.05315065594282435,0.06655456632575721,-0.7986026936555152,0.4245208252511128,-0.1835952089479907,0.077293897062342,1
c_relpersn,Bivariate,(Intercept),-0.08754807551193342,0.035506166482382966,-2.4657146683343583,0.01367402113472897,-0.1571388830464872,-0.017957267977379607,NA
c_relpersn,Bivariate,mode_fctrweb,0.4673509595275599,0.05196288354353714,8.993938127702046,2.385267736437267e-19,0.3655055792493781,0.5691963398057417,3.0292900252753287e-17
c_richwork,Bivariate,(Intercept),0.8104214093826132,0.05890304773694225,13.758564972765253,4.524180224671904e-43,0.6949735572385629,0.9258692615266635,NA
c_richwork,Bivariate,mode_fctrweb,-0.27291569930187964,0.08213758823925126,-3.3226651177890427,8.916188458703611e-4,-0.4339024140277927,-0.11192898457596653,0.057955224981573475
c_satfin,Bivariate,(Intercept),-1.077118762022884,0.04068617874295253,-26.473824657457108,1.9406805643335525e-154,-1.15686220702763,-0.9973753170181379,NA
c_satfin,Bivariate,mode_fctrweb,0.009029556976995487,0.058930321492826225,0.1532242952059015,0.8782213990912324,-0.10647175074631055,0.12453086470030153,1
c_satjob,Bivariate,(Intercept),-2.162043136183,0.06930346861163268,-31.196752189977662,1.17918201237032e-213,-2.2978754386655025,-2.026210833700498,NA
c_satjob,Bivariate,mode_fctrweb,0.34702614371162127,0.09284007320544602,3.737891750081738,1.8556980776280913e-4,0.16506294390688506,0.5289893435163575,0.013546595966685067
c_sexeduc,Bivariate,(Intercept),2.0401047993861177,0.06831450216151427,29.863421891924922,5.877613262338144e-196,1.906210835527766,2.1739987632444695,NA
c_sexeduc,Bivariate,mode_fctrweb,-0.2827299931460418,0.09387727739329785,-3.0116978356918844,0.0025979105543054368,-0.4667260758035817,-0.09873391048850189,0.15847254381263165
c_spanking,Bivariate,(Intercept),-0.439074550431273,0.04454601114888002,-9.856652461290292,6.41526079601025e-23,-0.5263831279379976,-0.3517659729245485,NA
c_spanking,Bivariate,mode_fctrweb,0.46703468732182657,0.06377155587450682,7.3235579862734275,2.414811770096758e-13,0.3420447345697095,0.5920246400739436,2.825329771013207e-11
c_spkath,Bivariate,(Intercept),-1.2395651186371353,0.051694376819013205,-23.97872254030583,4.636916292503513e-127,-1.3408842354056434,-1.1382460018686271,NA
c_spkath,Bivariate,mode_fctrweb,-0.09545641606875595,0.07621711071427256,-1.2524276395966896,0.21041408007672535,-0.244839208074432,0.05392637593692011,1
c_spkcom,Bivariate,(Intercept),-0.6655827305102193,0.046672313104237605,-14.260761600217064,3.842381132612464e-46,-0.7570587832697018,-0.5741066777507369,NA
c_spkcom,Bivariate,mode_fctrweb,-0.14671197578347217,0.0679205424855224,-2.160053062219645,0.03076856205984177,-0.2798337928655186,-0.013590158701425714,1
c_spkmslm,Bivariate,(Intercept),0.33854534077647375,0.044205018577212804,7.6585272820355765,1.8807729092711748e-14,0.25190509642921266,0.42518558512373483,NA
c_spkmslm,Bivariate,mode_fctrweb,-0.141329868425155,0.06361939613770146,-2.221490253055099,0.0263177741534454,-0.2660215935732364,-0.016638143277073567,1
c_spkrac,Bivariate,(Intercept),-0.06595767357516343,0.043469824669476666,-1.517320901951489,0.1291856834479182,-0.1511569643416084,0.019241617191281576,NA
c_spkrac,Bivariate,mode_fctrweb,0.31186199079047444,0.0631812205407577,4.9359918678572345,7.974443011337058e-7,0.18802907403130711,0.4356949075496418,7.256743140316723e-5
c_sprtprsn,Bivariate,(Intercept),-0.6305131839064833,0.03736733799919064,-16.873377063149103,7.0639809587514e-64,-0.7037518205830319,-0.5572745472299346,NA
c_sprtprsn,Bivariate,mode_fctrweb,0.4987157700990038,0.05287036194927339,9.432804159303808,3.992692490847267e-21,0.3950917648288311,0.6023397753691765,5.150573313192974e-19
c_suicide1,Bivariate,(Intercept),0.5357413156944061,0.045884311220663346,11.675914957466826,1.6923496647782609e-31,0.44580971824647886,0.6256729131423333,NA
c_suicide1,Bivariate,mode_fctrweb,0.4650719937455085,0.06901633329234251,6.738578703906733,1.599434152279366e-11,0.3298024661475045,0.6003415213435125,1.7753719090300963e-9
c_suicide2,Bivariate,(Intercept),-1.89558483652196,0.06490544122097561,-29.205330105811846,1.659385791468331e-187,-2.0227971637157536,-1.7683725093281666,NA
c_suicide2,Bivariate,mode_fctrweb,0.13814417528236791,0.09172588373916561,1.5060544488750711,0.13205319668562376,-0.041635253296504804,0.31792360386124063,1
c_suicide4,Bivariate,(Intercept),-1.279133934223486,0.053449848881307604,-23.931478965711776,1.440736451584099e-126,-1.3838937130099573,-1.1743741554370146,NA
c_suicide4,Bivariate,mode_fctrweb,0.2619267739222669,0.07470435297867971,3.506178200847541,4.5459075836464473e-4,0.1155089325956872,0.4083446152488466,0.030457580810431196
c_tax,Bivariate,(Intercept),0.7090151236859265,0.0465182413909095,15.24165794935835,1.8706264395423193e-52,0.6178410459356034,0.8001892014362495,NA
c_tax,Bivariate,mode_fctrweb,0.10294916139551614,0.06780575342324123,1.51829536872647,0.1289399546807837,-0.029947673258640103,0.23584599604967238,1
c_teensex,Bivariate,(Intercept),-0.7736886709568984,0.046942573948158886,-16.48159881073677,4.9751577832503324e-61,-0.865694425236898,-0.6816829166768988,NA
c_teensex,Bivariate,mode_fctrweb,0.3201866620892887,0.06632143125008648,4.827800848897862,1.3804904307045014e-6,0.19019904543597,0.4501742787426074,1.2148315790199613e-4
c_thnkself,Bivariate,(Intercept),0.6357971304337411,0.04737798059566979,13.419675605419346,4.637386843119556e-41,0.5429379948059908,0.7286562660614914,NA
c_thnkself,Bivariate,mode_fctrweb,0.2876498335003531,0.06957514529908598,4.134376324531111,3.559198556942696e-5,0.15128505449500337,0.4240146125057028,0.0028473588455541566
c_trust,Bivariate,(Intercept),0.8764104929081611,0.051024537646571194,17.176255451421127,3.999062192782957e-66,0.7764042367930735,0.9764167490232487,NA
c_trust,Bivariate,mode_fctrweb,-0.08885488762255858,0.07492134680685393,-1.1859755785173631,0.23563194402884682,-0.23569802903722722,0.05798825379211006,1
c_wlthblks,Bivariate,(Intercept),-0.10085094751301989,0.06180492910671129,-1.631762206844254,0.10272958974078307,-0.22198638262922527,0.02028448760318549,NA
c_wlthblks,Bivariate,mode_fctrweb,-0.19131848491409126,0.0898575467966247,-2.1291309604423536,0.03324342689275898,-0.3674360403745981,-0.015200929453584422,1
c_wlthwhts,Bivariate,(Intercept),-0.16213543560976226,0.06211767261108564,-2.6101337798806594,0.009050682077930215,-0.2838838367309402,-0.040387034488584314,NA
c_wlthwhts,Bivariate,mode_fctrweb,-0.1819624740355693,0.09028008671857081,-2.0155327785937898,0.04384885513230878,-0.3589081925251209,-0.005016755546017715,1
c_workblks,Bivariate,(Intercept),1.1872402197136098,0.051485879090502173,23.059530898300718,1.180255428927905e-117,1.0863297509838419,1.2881506884433778,NA
c_workblks,Bivariate,mode_fctrweb,0.31871548105406156,0.07857919627698218,4.055977868883107,4.9924986825918864e-5,0.16470308641707265,0.47272787569105046,0.0038941489724216715
c_workhard,Bivariate,(Intercept),0.22407677233301695,0.04536406137614038,4.939521849136551,7.831436865288761e-7,0.13516484584331734,0.31298869882271657,NA
c_workhard,Bivariate,mode_fctrweb,0.3808323690976112,0.0661047362499207,5.761045133858589,8.359468067525324e-9,0.2512694668402473,0.5103952713549751,8.610252109551083e-7
c_workwhts,Bivariate,(Intercept),-0.8506648775132952,0.04747761673735838,-17.917177313661124,8.661283250969447e-72,-0.9437192963903137,-0.7576104586362767,NA
c_workwhts,Bivariate,mode_fctrweb,0.18943356839768208,0.06771909411837511,2.797343509447221,0.005152472049202565,0.0567065828599887,0.32216055393537546,0.29884337885374873
c_wrkwayup,Bivariate,(Intercept),0.09603834416556944,0.043722285469403814,2.1965536141237543,0.028052342133677396,0.010344239323759066,0.18173244900737984,NA
c_wrkwayup,Bivariate,mode_fctrweb,-0.32201201003398083,0.06347427569018484,-5.073110429896158,3.9136522593760743e-7,-0.44641930433150934,-0.19760471573645233,3.606561042949514e-5
c_xmarsex,Bivariate,(Intercept),-1.2053658548261479,0.051281858457974554,-23.504722548500155,3.649520040136525e-122,-1.3058764504640588,-1.104855259188237,NA
c_xmarsex,Bivariate,mode_fctrweb,0.7037866002544859,0.06959328821130692,10.112851660602246,4.845302331436552e-24,0.5673862617946085,0.8401869387143633,6.395799077496249e-22
c_xmovie,Bivariate,(Intercept),0.17153205941583888,0.049626103729065354,3.4564885519185906,5.472624532137076e-4,0.07426668341382195,0.26879743541785583,NA
c_xmovie,Bivariate,mode_fctrweb,-0.01804292439191679,0.07187488840747645,-0.2510323812904864,0.8017890739370477,-0.15891511706340603,0.12282926827957244,1
